,Date,Open,High,Low,Close
252,2020-01-02,"1,234.40","1,242.11","1,231.46","1,242.09"
251,2020-01-03,"1,234.40","1,242.11","1,228.65","1,237.80"
250,2020-01-06,"1,231.26","1,241.92","1,228.81","1,241.84"
249,2020-01-07,"1,241.09","1,244.68","1,238.74","1,241.69"
248,2020-01-08,"1,242.35","1,253.24","1,241.82","1,247.68"
247,2020-01-09,"1,253.69","1,259.41","1,253.69","1,257.87"
246,2020-01-10,"1,259.32","1,261.14","1,252.68","1,254.67"
245,2020-01-13,"1,256.48","1,263.68","1,255.43","1,263.64"
244,2020-01-14,"1,263.49","1,268.64","1,259.30","1,263.41"
243,2020-01-15,"1,263.57","1,272.29","1,263.41","1,267.23"
242,2020-01-16,"1,272.94","1,280.29","1,272.94","1,280.28"
241,2020-01-17,"1,282.00","1,282.73","1,277.88","1,280.51"
240,2020-01-21,"1,278.23","1,282.73","1,276.27","1,277.78"
239,2020-01-22,"1,282.86","1,290.36","1,279.88","1,280.79"
238,2020-01-23,"1,279.81","1,284.21","1,273.68","1,283.29"
237,2020-01-24,"1,286.91","1,289.86","1,266.11","1,272.42"
236,2020-01-27,"1,271.26","1,271.26","1,250.23","1,253.18"
235,2020-01-28,"1,257.30","1,270.68","1,256.91","1,267.25"
234,2020-01-29,"1,269.74","1,271.05","1,262.46","1,263.68"
233,2020-01-30,"1,258.76","1,266.19","1,250.84","1,265.72"
232,2020-01-31,"1,262.78","1,262.78","1,237.46","1,240.42"
231,2020-02-03,"1,243.90","1,257.86","1,243.90","1,253.16"
230,2020-02-04,"1,261.24","1,279.21","1,261.24","1,276.48"
229,2020-02-05,"1,283.00","1,287.90","1,275.27","1,278.52"
228,2020-02-06,"1,279.74","1,282.57","1,277.01","1,279.43"
227,2020-02-07,"1,276.40","1,276.40","1,268.03","1,269.69"
226,2020-02-10,"1,268.04","1,280.23","1,266.77","1,280.22"
225,2020-02-11,"1,284.59","1,292.16","1,284.59","1,287.06"
224,2020-02-12,"1,289.92","1,298.03","1,288.24","1,297.72"
223,2020-02-13,"1,294.49","1,304.26","1,290.94","1,300.07"
222,2020-02-14,"1,301.75","1,307.14","1,301.75","1,306.61"
221,2020-02-18,"1,305.45","1,307.23","1,301.44","1,306.09"
220,2020-02-19,"1,307.39","1,318.06","1,307.39","1,314.21"
219,2020-02-20,"1,311.27","1,317.49","1,293.22","1,310.11"
218,2020-02-21,"1,306.59","1,306.59","1,286.28","1,290.09"
217,2020-02-24,"1,289.10","1,289.10","1,242.13","1,251.00"
216,2020-02-25,"1,255.57","1,259.68","1,208.72","1,211.33"
215,2020-02-26,"1,211.86","1,231.17","1,199.25","1,201.93"
214,2020-02-27,"1,196.89","1,200.83","1,159.56","1,159.81"
213,2020-02-28,"1,159.72","1,159.72","1,116.66","1,154.08"
212,2020-03-02,"1,154.12","1,192.83","1,144.31","1,192.41"
211,2020-03-03,"1,192.30","1,207.96","1,152.84","1,164.21"
210,2020-03-04,"1,174.63","1,209.91","1,174.63","1,209.85"
209,2020-03-05,"1,204.93","1,204.94","1,162.36","1,171.79"
208,2020-03-06,"1,170.43","1,170.43","1,121.72","1,149.19"
207,2020-03-09,"1,119.66","1,119.66","1,059.48","1,064.54"
206,2020-03-10,"1,074.79","1,113.45","1,055.62","1,113.41"
205,2020-03-11,"1,111.76","1,111.76","1,042.35","1,055.26"
204,2020-03-12,"1,048.81","1,048.81",956.50,956.78
203,2020-03-13,978.71,"1,025.12",949.55,"1,025.02"
202,2020-03-16,"1,011.53","1,011.53",894.47,895.18
201,2020-03-17,900.78,949.55,878.72,942.94
200,2020-03-18,912.16,912.16,833.34,880.10
199,2020-03-19,876.04,912.50,850.89,896.95
198,2020-03-20,903.39,925.20,859.16,860.68
197,2020-03-23,860.77,865.50,822.51,844.03
196,2020-03-24,875.41,932.93,875.41,932.42
195,2020-03-25,935.29,986.35,923.45,952.54
194,2020-03-26,958.02,"1,009.49",958.02,"1,007.85"
193,2020-03-27,993.88,994.99,965.85,972.86
192,2020-03-30,974.14,"1,002.85",971.11,"1,001.01"
191,2020-03-31,997.90,"1,002.03",976.86,981.09
190,2020-04-01,963.24,963.24,928.45,936.78
189,2020-04-02,936.05,958.22,926.91,946.81
188,2020-04-03,945.44,950.60,919.32,929.44
187,2020-04-06,956.46,"1,008.45",956.46,"1,004.86"
186,2020-04-07,"1,020.16","1,042.48","1,006.61","1,006.82"
185,2020-04-08,"1,012.55","1,048.82","1,009.72","1,044.74"
184,2020-04-09,"1,053.99","1,076.24","1,053.31","1,060.81"
183,2020-04-13,"1,055.52","1,055.52","1,027.82","1,044.30"
182,2020-04-14,"1,058.19","1,080.95","1,058.19","1,079.71"
181,2020-04-15,"1,072.31","1,072.30","1,051.03","1,060.59"
180,2020-04-16,"1,064.26","1,075.93","1,057.56","1,071.21"
179,2020-04-17,"1,080.04","1,108.67","1,080.04","1,107.16"
178,2020-04-20,"1,103.24","1,110.81","1,090.37","1,093.56"
177,2020-04-21,"1,081.37","1,081.37","1,049.25","1,053.49"
176,2020-04-22,"1,068.92","1,087.82","1,068.92","1,083.43"
175,2020-04-23,"1,085.64","1,100.08","1,082.53","1,084.49"
174,2020-04-24,"1,086.62","1,103.33","1,082.64","1,100.67"
173,2020-04-27,"1,108.41","1,129.92","1,108.41","1,126.70"
172,2020-04-28,"1,138.53","1,147.37","1,118.86","1,122.82"
171,2020-04-29,"1,130.22","1,161.28","1,130.22","1,155.82"
170,2020-04-30,"1,153.79","1,153.79","1,133.66","1,134.32"
169,2020-05-01,"1,115.12","1,116.58","1,095.89","1,102.33"
168,2020-05-04,"1,099.62","1,113.30","1,089.41","1,113.15"
167,2020-05-05,"1,117.15","1,143.03","1,117.15","1,131.16"
166,2020-05-06,"1,137.76","1,146.72","1,131.62","1,135.03"
165,2020-05-07,"1,138.96","1,165.03","1,138.96","1,155.94"
164,2020-05-08,"1,161.80","1,176.46","1,161.80","1,174.27"
163,2020-05-11,"1,169.13","1,187.62","1,164.15","1,180.95"
162,2020-05-12,"1,183.12","1,187.71","1,154.83","1,154.83"
161,2020-05-13,"1,154.31","1,157.13","1,116.09","1,128.22"
160,2020-05-14,"1,125.66","1,143.28","1,104.51","1,143.28"
159,2020-05-15,"1,141.04","1,156.38","1,131.09","1,153.28"
158,2020-05-18,"1,173.65","1,195.51","1,173.65","1,187.45"
157,2020-05-19,"1,187.62","1,200.25","1,182.03","1,182.04"
156,2020-05-20,"1,191.92","1,206.82","1,191.92","1,202.69"
155,2020-05-21,"1,201.22","1,204.62","1,185.63","1,194.63"
154,2020-05-22,"1,195.50","1,204.14","1,190.95","1,203.65"
153,2020-05-26,"1,206.36","1,232.06","1,206.36","1,214.08"
152,2020-05-27,"1,215.91","1,229.06","1,192.53","1,229.06"
151,2020-05-28,"1,228.98","1,248.46","1,226.42","1,229.51"
150,2020-05-29,"1,230.18","1,248.69","1,226.80","1,247.25"
149,2020-06-01,"1,247.03","1,262.55","1,245.44","1,257.74"
148,2020-06-02,"1,258.73","1,267.88","1,250.58","1,267.73"
147,2020-06-03,"1,269.68","1,290.02","1,269.68","1,287.51"
146,2020-06-04,"1,286.09","1,286.09","1,260.47","1,269.94"
145,2020-06-05,"1,272.46","1,303.51","1,272.46","1,296.44"
144,2020-06-08,"1,296.41","1,309.01","1,295.55","1,308.95"
143,2020-06-09,"1,307.69","1,307.69","1,289.38","1,292.08"
142,2020-06-10,"1,293.49","1,299.81","1,281.44","1,289.72"
141,2020-06-11,"1,286.74","1,286.74","1,216.02","1,217.51"
140,2020-06-12,"1,222.20","1,254.69","1,205.87","1,231.53"
139,2020-06-15,"1,227.33","1,254.05","1,202.57","1,251.99"
138,2020-06-16,"1,258.30","1,285.72","1,255.22","1,273.65"
137,2020-06-17,"1,275.08","1,284.20","1,272.40","1,274.90"
136,2020-06-18,"1,274.88","1,282.14","1,270.34","1,278.67"
135,2020-06-19,"1,281.06","1,296.00","1,268.61","1,276.36"
134,2020-06-22,"1,276.82","1,289.45","1,270.56","1,287.04"
133,2020-06-23,"1,288.29","1,298.47","1,284.23","1,286.11"
132,2020-06-24,"1,284.95","1,284.95","1,240.45","1,249.45"
131,2020-06-25,"1,249.42","1,265.44","1,236.09","1,264.72"
130,2020-06-26,"1,264.80","1,265.40","1,245.28","1,246.44"
129,2020-06-29,"1,247.63","1,253.65","1,231.30","1,253.03"
128,2020-06-30,"1,252.97","1,279.40","1,252.97","1,275.66"
127,2020-07-01,"1,276.56","1,293.42","1,273.07","1,288.50"
126,2020-07-02,"1,291.43","1,305.48","1,291.43","1,295.31"
125,2020-07-06,"1,297.55","1,322.20","1,297.55","1,309.44"
124,2020-07-07,"1,308.85","1,320.52","1,300.00","1,300.81"
123,2020-07-08,"1,302.74","1,318.91","1,302.74","1,318.87"
122,2020-07-09,"1,320.66","1,329.14","1,301.95","1,323.94"
121,2020-07-10,"1,323.88","1,324.61","1,310.34","1,319.51"
120,2020-07-13,"1,322.19","1,332.19","1,280.96","1,282.62"
119,2020-07-14,"1,282.16","1,303.74","1,260.95","1,303.41"
118,2020-07-15,"1,304.54","1,323.27","1,304.54","1,321.70"
117,2020-07-16,"1,317.91","1,317.91","1,303.61","1,313.72"
116,2020-07-17,"1,315.41","1,333.36","1,315.09","1,330.91"
115,2020-07-20,"1,332.11","1,357.42","1,332.11","1,355.03"
114,2020-07-21,"1,357.14","1,362.84","1,347.01","1,349.91"
113,2020-07-22,"1,350.15","1,364.58","1,350.15","1,357.90"
112,2020-07-23,"1,358.33","1,375.90","1,336.22","1,342.93"
111,2020-07-24,"1,341.51","1,341.51","1,317.30","1,330.13"
110,2020-07-27,"1,331.72","1,353.23","1,331.72","1,352.35"
109,2020-07-28,"1,352.64","1,352.64","1,336.32","1,336.81"
108,2020-07-29,"1,338.20","1,368.28","1,338.20","1,364.05"
107,2020-07-30,"1,362.06","1,373.52","1,346.68","1,370.16"
106,2020-07-31,"1,370.92","1,377.07","1,354.56","1,377.05"
105,2020-08-03,"1,381.28","1,397.91","1,381.28","1,395.75"
104,2020-08-04,"1,395.58","1,398.07","1,387.22","1,397.97"
103,2020-08-05,"1,399.37","1,406.51","1,397.33","1,403.52"
102,2020-08-06,"1,402.38","1,402.41","1,384.97","1,393.94"
101,2020-08-07,"1,390.65","1,392.06","1,366.83","1,378.97"
100,2020-08-10,"1,380.15","1,381.13","1,354.18","1,365.03"
99,2020-08-11,"1,364.31","1,372.40","1,350.71","1,351.92"
98,2020-08-12,"1,353.14","1,372.20","1,353.14","1,367.13"
97,2020-08-13,"1,367.03","1,387.32","1,367.03","1,380.32"
96,2020-08-14,"1,380.41","1,382.86","1,370.88","1,374.30"
95,2020-08-17,"1,377.75","1,391.89","1,377.75","1,390.56"
94,2020-08-18,"1,392.45","1,396.06","1,383.66","1,392.61"
93,2020-08-19,"1,394.19","1,395.49","1,382.03","1,383.35"
92,2020-08-20,"1,381.74","1,390.89","1,374.54","1,388.14"
91,2020-08-21,"1,387.94","1,388.22","1,381.69","1,384.84"
90,2020-08-24,"1,390.61","1,395.23","1,377.58","1,383.62"
89,2020-08-25,"1,383.50","1,390.70","1,379.04","1,390.55"
88,2020-08-26,"1,391.58","1,409.16","1,391.58","1,406.48"
87,2020-08-27,"1,405.93","1,411.17","1,394.64","1,401.82"
86,2020-08-28,"1,404.12","1,412.28","1,404.12","1,409.10"
85,2020-08-31,"1,408.97","1,417.89","1,406.33","1,413.70"
84,2020-09-01,"1,415.60","1,436.81","1,415.60","1,436.71"
83,2020-09-02,"1,438.02","1,455.08","1,427.96","1,453.14"
82,2020-09-03,"1,452.41","1,452.41","1,375.99","1,386.18"
81,2020-09-04,"1,385.34","1,387.14","1,319.44","1,355.88"
80,2020-09-08,"1,354.74","1,354.74","1,319.24","1,324.96"
79,2020-09-09,"1,325.07","1,356.91","1,325.07","1,349.59"
78,2020-09-10,"1,349.86","1,368.08","1,329.51","1,332.81"
77,2020-09-11,"1,334.04","1,344.00","1,312.20","1,324.64"
76,2020-09-14,"1,327.44","1,356.82","1,327.44","1,352.94"
75,2020-09-15,"1,354.26","1,371.05","1,354.26","1,366.85"
74,2020-09-16,"1,367.99","1,378.16","1,360.20","1,361.00"
73,2020-09-17,"1,357.76","1,357.76","1,332.93","1,349.74"
72,2020-09-18,"1,350.29","1,359.23","1,327.55","1,344.94"
71,2020-09-21,"1,342.69","1,345.13","1,316.15","1,344.91"
70,2020-09-22,"1,345.86","1,364.42","1,338.50","1,363.54"
69,2020-09-23,"1,363.48","1,369.09","1,336.54","1,338.00"
68,2020-09-24,"1,336.61","1,347.59","1,319.20","1,334.38"
67,2020-09-25,"1,334.04","1,366.70","1,331.58","1,363.01"
66,2020-09-28,"1,364.66","1,388.12","1,364.66","1,385.20"
65,2020-09-29,"1,385.55","1,396.07","1,384.61","1,386.23"
64,2020-09-30,"1,386.16","1,405.09","1,384.56","1,393.33"
63,2020-10-01,"1,394.30","1,415.81","1,394.30","1,412.56"
62,2020-10-02,"1,411.13","1,411.84","1,389.31","1,399.72"
61,2020-10-05,"1,401.85","1,427.35","1,401.85","1,426.81"
60,2020-10-06,"1,426.84","1,446.00","1,416.83","1,419.76"
59,2020-10-07,"1,422.29","1,450.91","1,422.29","1,448.09"
58,2020-10-08,"1,450.01","1,459.30","1,450.01","1,456.84"
57,2020-10-09,"1,458.98","1,480.36","1,458.98","1,476.08"
56,2020-10-12,"1,486.02","1,496.20","1,481.28","1,490.72"
55,2020-10-13,"1,490.44","1,506.46","1,490.20","1,502.06"
54,2020-10-14,"1,503.44","1,510.38","1,486.28","1,492.07"
53,2020-10-15,"1,489.39","1,494.90","1,466.39","1,492.36"
52,2020-10-16,"1,494.60","1,505.37","1,490.08","1,490.10"
51,2020-10-19,"1,491.68","1,504.70","1,470.27","1,473.29"
50,2020-10-20,"1,476.51","1,487.23","1,471.55","1,471.62"
49,2020-10-21,"1,472.28","1,482.17","1,458.33","1,458.64"
48,2020-10-22,"1,459.06","1,470.15","1,447.40","1,465.94"
47,2020-10-23,"1,468.23","1,479.39","1,464.44","1,479.37"
46,2020-10-26,"1,475.35","1,475.35","1,437.82","1,454.24"
45,2020-10-27,"1,455.37","1,468.46","1,455.05","1,455.98"
44,2020-10-28,"1,453.43","1,453.43","1,413.63","1,415.69"
43,2020-10-29,"1,416.10","1,435.15","1,413.91","1,423.37"
42,2020-10-30,"1,421.41","1,421.41","1,383.28","1,394.60"
41,2020-11-02,"1,396.51","1,419.41","1,389.03","1,405.28"
40,2020-11-03,"1,408.06","1,443.19","1,408.06","1,437.85"
39,2020-11-04,"1,443.72","1,501.59","1,443.72","1,489.90"
38,2020-11-05,"1,492.21","1,523.94","1,492.21","1,520.81"
37,2020-11-06,"1,520.91","1,533.26","1,515.23","1,530.04"
36,2020-11-09,"1,532.53","1,544.26","1,494.58","1,494.96"
35,2020-11-10,"1,494.50","1,494.50","1,452.57","1,475.34"
34,2020-11-11,"1,478.18","1,506.52","1,478.18","1,505.38"
33,2020-11-12,"1,505.54","1,512.38","1,488.85","1,496.17"
32,2020-11-13,"1,497.14","1,513.36","1,497.14","1,506.00"
31,2020-11-16,"1,507.87","1,518.50","1,504.45","1,517.54"
30,2020-11-17,"1,517.31","1,523.61","1,505.66","1,519.93"
29,2020-11-18,"1,520.11","1,522.78","1,504.96","1,505.09"
28,2020-11-19,"1,504.96","1,529.19","1,502.81","1,526.34"
27,2020-11-20,"1,526.62","1,539.66","1,526.62","1,530.53"
26,2020-11-23,"1,531.01","1,542.76","1,527.42","1,537.75"
25,2020-11-24,"1,538.46","1,544.65","1,532.78","1,534.66"
24,2020-11-25,"1,534.80","1,547.71","1,534.80","1,546.09"
23,2020-11-27,"1,547.23","1,568.34","1,547.23","1,568.14"
22,2020-11-30,"1,568.77","1,581.27","1,551.56","1,580.86"
21,2020-12-01,"1,582.03","1,592.15","1,576.70","1,584.54"
20,2020-12-02,"1,583.44","1,583.44","1,563.42","1,574.84"
19,2020-12-03,"1,576.34","1,595.03","1,575.66","1,584.94"
18,2020-12-04,"1,585.09","1,604.90","1,585.09","1,603.37"
17,2020-12-07,"1,603.26","1,608.87","1,602.43","1,605.92"
16,2020-12-08,"1,606.39","1,620.31","1,605.20","1,618.71"
15,2020-12-09,"1,618.90","1,620.69","1,582.31","1,590.46"
14,2020-12-10,"1,590.08","1,608.70","1,578.92","1,607.46"
13,2020-12-11,"1,606.96","1,615.58","1,594.50","1,610.58"
12,2020-12-14,"1,611.15","1,634.60","1,611.15","1,615.26"
11,2020-12-15,"1,616.53","1,634.83","1,616.53","1,633.30"
10,2020-12-16,"1,634.11","1,639.97","1,628.17","1,638.29"
9,2020-12-17,"1,639.57","1,665.38","1,639.57","1,665.38"
8,2020-12-18,"1,666.11","1,677.52","1,665.57","1,676.95"
7,2020-12-21,"1,676.39","1,676.39","1,644.53","1,674.37"
6,2020-12-22,"1,675.41","1,690.71","1,674.15","1,690.39"
5,2020-12-23,"1,691.46","1,696.04","1,679.85","1,679.85"
4,2020-12-24,"1,683.16","1,688.59","1,675.71","1,681.42"
3,2020-12-28,"1,688.15","1,696.81","1,660.41","1,660.70"
2,2020-12-29,"1,660.90","1,670.87","1,640.06","1,649.54"
1,2020-12-30,"1,654.16","1,663.90","1,654.16","1,657.08"
0,2020-12-31,"1,658.45","1,658.59","1,645.46","1,655.93"
251,2021-01-04,"1,656.72","1,663.57","1,612.08","1,631.28"
250,2021-01-05,"1,656.72","1,663.57","1,612.08","1,645.40"
249,2021-01-06,"1,643.73","1,660.98","1,628.18","1,645.38"
248,2021-01-07,"1,646.10","1,693.65","1,646.10","1,692.07"
247,2021-01-08,"1,692.38","1,716.33","1,689.35","1,707.32"
246,2021-01-11,"1,705.67","1,714.06","1,687.98","1,703.21"
245,2021-01-12,"1,703.50","1,716.43","1,702.01","1,715.35"
244,2021-01-13,"1,715.44","1,717.91","1,704.13","1,707.06"
243,2021-01-14,"1,707.37","1,721.74","1,702.31","1,703.81"
242,2021-01-15,"1,703.76","1,706.76","1,681.30","1,692.05"
241,2021-01-19,"1,694.42","1,709.63","1,694.42","1,708.23"
240,2021-01-20,"1,709.08","1,730.37","1,709.08","1,727.29"
239,2021-01-21,"1,728.38","1,735.09","1,719.98","1,724.21"
238,2021-01-22,"1,723.72","1,725.34","1,715.96","1,723.00"
237,2021-01-25,"1,723.58","1,739.75","1,695.06","1,718.91"
236,2021-01-26,"1,719.24","1,725.10","1,695.29","1,696.05"
235,2021-01-27,"1,693.39","1,693.39","1,640.21","1,645.02"
234,2021-01-28,"1,645.86","1,686.76","1,645.86","1,673.81"
233,2021-01-29,"1,673.60","1,673.60","1,636.43","1,650.13"
232,2021-02-01,"1,650.75","1,683.70","1,650.75","1,681.38"
231,2021-02-02,"1,682.13","1,720.76","1,682.13","1,717.41"
230,2021-02-03,"1,717.24","1,721.91","1,702.53","1,706.43"
229,2021-02-04,"1,707.05","1,733.67","1,707.05","1,733.56"
228,2021-02-05,"1,733.64","1,751.37","1,733.64","1,751.18"
227,2021-02-08,"1,751.39","1,773.14","1,751.39","1,767.26"
226,2021-02-09,"1,767.15","1,779.69","1,766.21","1,775.61"
225,2021-02-10,"1,776.74","1,792.97","1,761.19","1,777.32"
224,2021-02-11,"1,777.62","1,791.92","1,775.61","1,789.66"
223,2021-02-12,"1,789.07","1,806.82","1,780.34","1,806.62"
222,2021-02-16,"1,806.85","1,815.86","1,783.03","1,791.14"
221,2021-02-17,"1,790.88","1,790.88","1,754.81","1,777.33"
220,2021-02-18,"1,775.95","1,777.53","1,749.47","1,769.65"
219,2021-02-19,"1,770.66","1,795.12","1,770.66","1,783.07"
218,2021-02-22,"1,782.31","1,782.31","1,724.04","1,724.97"
217,2021-02-23,"1,724.04","1,724.04","1,655.86","1,711.82"
216,2021-02-24,"1,711.03","1,725.97","1,688.65","1,723.63"
215,2021-02-25,"1,723.21","1,724.59","1,655.69","1,662.61"
214,2021-02-26,"1,663.42","1,690.54","1,650.55","1,677.57"
213,2021-03-01,"1,678.64","1,726.64","1,678.64","1,724.54"
212,2021-03-02,"1,724.85","1,728.37","1,694.48","1,694.54"
211,2021-03-03,"1,694.08","1,694.08","1,631.68","1,631.85"
210,2021-03-04,"1,631.95","1,634.03","1,556.89","1,580.07"
209,2021-03-05,"1,581.59","1,598.86","1,521.03","1,597.47"
208,2021-03-08,"1,597.06","1,615.55","1,563.45","1,563.84"
207,2021-03-09,"1,565.78","1,626.77","1,565.78","1,616.43"
206,2021-03-10,"1,618.17","1,643.73","1,613.31","1,614.81"
205,2021-03-11,"1,617.04","1,664.15","1,617.04","1,659.98"
204,2021-03-12,"1,658.62","1,658.62","1,627.20","1,652.02"
203,2021-03-15,"1,652.20","1,678.95","1,652.20","1,678.77"
202,2021-03-16,"1,679.17","1,691.51","1,653.79","1,665.64"
201,2021-03-17,"1,664.73","1,675.52","1,637.67","1,665.60"
200,2021-03-18,"1,663.68","1,663.68","1,615.91","1,618.62"
199,2021-03-19,"1,619.26","1,642.46","1,611.71","1,634.91"
198,2021-03-22,"1,635.90","1,663.58","1,635.90","1,656.06"
197,2021-03-23,"1,656.45","1,657.83","1,631.25","1,635.02"
196,2021-03-24,"1,636.48","1,640.83","1,602.96","1,602.97"
195,2021-03-25,"1,602.62","1,609.03","1,573.74","1,605.61"
194,2021-03-26,"1,606.93","1,636.43","1,602.61","1,635.68"
193,2021-03-29,"1,634.76","1,637.12","1,607.47","1,615.88"
192,2021-03-30,"1,611.91","1,619.59","1,601.24","1,616.33"
191,2021-03-31,"1,619.80","1,655.47","1,619.80","1,644.94"
190,2021-04-01,"1,647.86","1,680.68","1,647.86","1,676.84"
189,2021-04-05,"1,688.67","1,688.95","1,675.66","1,686.50"
188,2021-04-06,"1,686.31","1,708.17","1,683.00","1,698.62"
187,2021-04-07,"1,698.01","1,698.01","1,680.90","1,684.14"
186,2021-04-08,"1,686.83","1,709.07","1,686.83","1,707.37"
185,2021-04-09,"1,706.86","1,716.15","1,696.48","1,715.84"
184,2021-04-12,"1,713.77","1,719.33","1,702.27","1,716.41"
183,2021-04-13,"1,717.14","1,739.22","1,717.14","1,737.40"
182,2021-04-14,"1,737.30","1,751.05","1,724.61","1,726.81"
181,2021-04-15,"1,728.50","1,757.19","1,728.50","1,755.33"
180,2021-04-16,"1,755.77","1,759.14","1,744.32","1,753.47"
179,2021-04-19,"1,753.09","1,753.09","1,721.25","1,730.27"
178,2021-04-20,"1,729.80","1,735.55","1,706.93","1,716.88"
177,2021-04-21,"1,716.72","1,738.33","1,712.17","1,738.28"
176,2021-04-22,"1,737.93","1,762.26","1,733.40","1,740.62"
175,2021-04-23,"1,742.33","1,770.04","1,742.33","1,766.66"
174,2021-04-26,"1,767.47","1,784.82","1,764.85","1,783.75"
173,2021-04-27,"1,783.99","1,787.18","1,771.97","1,778.41"
172,2021-04-28,"1,776.96","1,776.96","1,763.30","1,765.91"
171,2021-04-29,"1,767.42","1,776.18","1,744.02","1,758.42"
170,2021-04-30,"1,756.79","1,756.79","1,735.18","1,736.86"
169,2021-05-03,"1,737.28","1,746.63","1,724.70","1,725.45"
168,2021-05-04,"1,724.27","1,724.27","1,676.59","1,695.68"
167,2021-05-05,"1,697.61","1,711.03","1,678.43","1,683.02"
166,2021-05-06,"1,682.29","1,682.29","1,646.88","1,665.07"
165,2021-05-07,"1,666.27","1,698.60","1,666.27","1,686.49"
164,2021-05-10,"1,686.18","1,686.18","1,655.21","1,655.24"
163,2021-05-11,"1,651.47","1,661.79","1,622.33","1,657.10"
162,2021-05-12,"1,653.90","1,653.90","1,610.20","1,611.84"
161,2021-05-13,"1,611.98","1,633.86","1,601.13","1,615.13"
160,2021-05-14,"1,615.13","1,656.30","1,615.13","1,652.22"
159,2021-05-17,"1,651.87","1,651.87","1,628.19","1,640.00"
158,2021-05-18,"1,640.41","1,658.06","1,639.02","1,639.24"
157,2021-05-19,"1,637.15","1,639.93","1,611.04","1,639.67"
156,2021-05-20,"1,640.81","1,679.23","1,640.81","1,675.66"
155,2021-05-21,"1,676.87","1,690.45","1,673.10","1,673.47"
154,2021-05-24,"1,681.18","1,696.61","1,681.18","1,690.82"
153,2021-05-25,"1,692.61","1,700.83","1,689.62","1,691.85"
152,2021-05-26,"1,693.19","1,702.41","1,693.19","1,700.77"
151,2021-05-27,"1,700.71","1,709.17","1,688.32","1,703.56"
150,2021-05-28,"1,704.54","1,720.95","1,704.54","1,709.42"
149,2021-06-01,"1,710.66","1,718.11","1,693.17","1,700.74"
148,2021-06-02,"1,700.67","1,706.08","1,698.03","1,701.06"
147,2021-06-03,"1,699.32","1,699.32","1,675.09","1,683.30"
146,2021-06-04,"1,685.06","1,706.52","1,685.06","1,705.28"
145,2021-06-07,"1,705.04","1,716.00","1,702.84","1,714.58"
144,2021-06-08,"1,715.25","1,727.60","1,707.74","1,722.54"
143,2021-06-09,"1,723.61","1,731.32","1,717.54","1,717.56"
142,2021-06-10,"1,717.84","1,741.03","1,717.54","1,740.63"
141,2021-06-11,"1,740.00","1,752.03","1,739.54","1,751.96"
140,2021-06-14,"1,752.85","1,760.42","1,749.72","1,760.41"
139,2021-06-15,"1,760.83","1,760.83","1,742.17","1,744.91"
138,2021-06-16,"1,745.17","1,752.77","1,725.48","1,741.64"
137,2021-06-17,"1,740.98","1,768.06","1,736.12","1,765.12"
136,2021-06-18,"1,765.01","1,765.96","1,754.68","1,757.77"
135,2021-06-21,"1,757.85","1,778.04","1,748.35","1,775.57"
134,2021-06-22,"1,775.82","1,797.62","1,775.82","1,795.94"
133,2021-06-23,"1,796.06","1,802.41","1,794.06","1,796.41"
132,2021-06-24,"1,797.08","1,815.04","1,797.08","1,810.45"
131,2021-06-25,"1,812.45","1,820.61","1,811.08","1,820.15"
130,2021-06-28,"1,821.28","1,830.27","1,821.23","1,829.76"
129,2021-06-29,"1,830.08","1,835.65","1,826.43","1,833.18"
128,2021-06-30,"1,832.59","1,832.58","1,824.58","1,824.91"
127,2021-07-01,"1,825.08","1,830.73","1,815.71","1,825.48"
126,2021-07-02,"1,826.39","1,835.93","1,826.39","1,833.03"
125,2021-07-06,"1,833.29","1,839.43","1,822.84","1,837.84"
124,2021-07-07,"1,838.73","1,845.28","1,818.82","1,832.27"
123,2021-07-08,"1,831.39","1,831.39","1,789.21","1,814.64"
122,2021-07-09,"1,815.18","1,838.05","1,815.18","1,837.11"
121,2021-07-12,"1,837.11","1,842.11","1,826.57","1,831.71"
120,2021-07-13,"1,831.47","1,831.47","1,813.20","1,813.56"
119,2021-07-14,"1,814.06","1,823.47","1,792.15","1,792.47"
118,2021-07-15,"1,792.38","1,797.46","1,768.00","1,781.52"
117,2021-07-16,"1,782.24","1,791.59","1,772.79","1,774.59"
116,2021-07-19,"1,771.96","1,771.96","1,742.63","1,762.91"
115,2021-07-20,"1,763.65","1,810.91","1,763.65","1,804.03"
114,2021-07-21,"1,804.47","1,824.32","1,804.47","1,824.28"
113,2021-07-22,"1,824.33","1,829.79","1,818.79","1,828.35"
112,2021-07-23,"1,829.08","1,852.72","1,829.08","1,851.76"
111,2021-07-26,"1,850.54","1,850.54","1,838.82","1,843.73"
110,2021-07-27,"1,843.21","1,843.21","1,807.54","1,828.23"
109,2021-07-28,"1,828.80","1,849.77","1,827.19","1,844.35"
108,2021-07-29,"1,847.36","1,862.30","1,847.36","1,851.20"
107,2021-07-30,"1,850.66","1,853.75","1,836.02","1,843.11"
106,2021-08-02,"1,844.55","1,854.12","1,841.03","1,842.55"
105,2021-08-03,"1,842.62","1,852.86","1,832.57","1,852.82"
104,2021-08-04,"1,852.74","1,859.85","1,849.35","1,855.67"
103,2021-08-05,"1,855.99","1,868.77","1,853.75","1,868.77"
102,2021-08-06,"1,867.77","1,868.82","1,848.74","1,855.79"
101,2021-08-09,"1,854.87","1,862.38","1,845.97","1,858.34"
100,2021-08-10,"1,859.07","1,866.15","1,847.72","1,849.01"
99,2021-08-11,"1,849.86","1,852.44","1,831.74","1,847.02"
98,2021-08-12,"1,847.02","1,854.93","1,843.94","1,854.41"
97,2021-08-13,"1,854.43","1,855.79","1,848.05","1,851.77"
96,2021-08-16,"1,851.48","1,851.48","1,827.17","1,843.10"
95,2021-08-17,"1,841.86","1,841.86","1,813.09","1,827.87"
94,2021-08-18,"1,827.96","1,834.55","1,814.28","1,814.72"
93,2021-08-19,"1,813.66","1,824.05","1,799.76","1,814.16"
92,2021-08-20,"1,814.26","1,833.33","1,814.26","1,833.01"
91,2021-08-23,"1,833.52","1,857.58","1,833.52","1,855.58"
90,2021-08-24,"1,856.25","1,879.12","1,856.25","1,877.47"
89,2021-08-25,"1,877.33","1,891.80","1,877.33","1,890.27"
88,2021-08-26,"1,890.06","1,897.00","1,878.12","1,880.39"
87,2021-08-27,"1,880.51","1,907.90","1,880.51","1,904.02"
86,2021-08-30,"1,904.28","1,916.62","1,902.64","1,909.93"
85,2021-08-31,"1,910.06","1,910.06","1,898.56","1,901.63"
84,2021-09-01,"1,902.17","1,914.14","1,900.09","1,909.29"
83,2021-09-02,"1,910.76","1,923.64","1,910.76","1,920.41"
82,2021-09-03,"1,920.14","1,927.33","1,914.89","1,925.73"
81,2021-09-07,"1,925.47","1,927.71","1,910.21","1,910.41"
80,2021-09-08,"1,910.24","1,910.24","1,889.71","1,898.04"
79,2021-09-09,"1,897.71","1,913.07","1,896.24","1,900.87"
78,2021-09-10,"1,901.40","1,912.40","1,891.41","1,891.66"
77,2021-09-13,"1,892.17","1,899.18","1,867.56","1,879.80"
76,2021-09-14,"1,880.08","1,889.39","1,870.25","1,873.21"
75,2021-09-15,"1,873.44","1,889.07","1,864.38","1,886.64"
74,2021-09-16,"1,886.59","1,902.40","1,882.40","1,899.07"
73,2021-09-17,"1,899.03","1,900.55","1,881.12","1,889.58"
72,2021-09-20,"1,887.61","1,887.61","1,834.25","1,856.60"
71,2021-09-21,"1,857.54","1,873.08","1,850.58","1,860.29"
70,2021-09-22,"1,860.89","1,889.16","1,860.89","1,882.93"
69,2021-09-23,"1,883.91","1,911.92","1,883.91","1,905.85"
68,2021-09-24,"1,905.05","1,905.05","1,888.78","1,902.41"
67,2021-09-27,"1,902.06","1,902.06","1,875.71","1,882.24"
66,2021-09-28,"1,878.68","1,878.68","1,824.70","1,825.66"
65,2021-09-29,"1,827.13","1,841.24","1,816.36","1,817.80"
64,2021-09-30,"1,818.63","1,831.89","1,808.39","1,808.65"
63,2021-10-01,"1,809.74","1,830.73","1,791.17","1,824.42"
62,2021-10-04,"1,823.70","1,823.70","1,774.12","1,783.30"
61,2021-10-05,"1,784.59","1,815.67","1,784.59","1,802.46"
60,2021-10-06,"1,800.58","1,812.97","1,783.26","1,811.17"
59,2021-10-07,"1,812.74","1,849.33","1,812.74","1,835.42"
58,2021-10-08,"1,835.69","1,840.06","1,818.98","1,819.64"
57,2021-10-11,"1,819.27","1,832.72","1,808.81","1,809.02"
56,2021-10-12,"1,810.77","1,830.76","1,810.77","1,822.41"
55,2021-10-13,"1,823.29","1,846.26","1,823.29","1,844.09"
54,2021-10-14,"1,846.01","1,880.57","1,846.01","1,877.19"
53,2021-10-15,"1,877.90","1,890.09","1,877.90","1,881.46"
52,2021-10-18,"1,881.15","1,899.07","1,873.81","1,898.75"
51,2021-10-19,"1,899.41","1,914.88","1,899.41","1,908.31"
50,2021-10-20,"1,909.61","1,916.29","1,904.17","1,910.71"
49,2021-10-21,"1,910.69","1,932.57","1,909.67","1,932.34"
48,2021-10-22,"1,931.41","1,937.54","1,918.02","1,926.10"
47,2021-10-25,"1,926.64","1,940.88","1,920.53","1,932.74"
46,2021-10-26,"1,933.86","1,945.14","1,920.27","1,923.75"
45,2021-10-27,"1,923.23","1,931.27","1,899.06","1,899.08"
44,2021-10-28,"1,899.71","1,925.11","1,899.71","1,925.02"
43,2021-10-29,"1,923.90","1,936.45","1,917.62","1,934.99"
42,2021-11-01,"1,935.07","1,950.28","1,935.07","1,950.27"
41,2021-11-02,"1,950.55","1,952.84","1,942.28","1,949.85"
40,2021-11-03,"1,949.90","1,954.08","1,937.94","1,953.52"
39,2021-11-04,"1,954.50","1,972.75","1,954.50","1,964.80"
38,2021-11-05,"1,964.28","1,977.50","1,950.99","1,960.72"
37,2021-11-08,"1,961.43","1,980.78","1,961.43","1,978.81"
36,2021-11-09,"1,979.52","1,988.94","1,968.69","1,983.27"
35,2021-11-10,"1,982.61","1,982.61","1,933.13","1,942.81"
34,2021-11-11,"1,943.85","1,958.02","1,943.85","1,949.88"
33,2021-11-12,"1,951.05","1,973.85","1,951.05","1,973.55"
32,2021-11-15,"1,973.87","1,978.66","1,962.67","1,966.42"
31,2021-11-16,"1,966.80","1,989.91","1,964.41","1,987.87"
30,2021-11-17,"1,987.75","1,988.55","1,962.19","1,968.78"
29,2021-11-18,"1,969.11","1,975.53","1,948.89","1,957.84"
28,2021-11-19,"1,959.04","1,965.64","1,948.29","1,949.58"
27,2021-11-22,"1,949.51","1,954.62","1,909.20","1,914.16"
26,2021-11-23,"1,912.92","1,919.11","1,873.01","1,895.98"
25,2021-11-24,"1,894.45","1,914.52","1,874.08","1,914.28"
24,2021-11-26,"1,913.33","1,913.33","1,875.83","1,880.99"
23,2021-11-29,"1,883.21","1,908.60","1,880.18","1,897.00"
22,2021-11-30,"1,896.57","1,898.26","1,846.88","1,852.20"
21,2021-12-01,"1,854.68","1,876.72","1,795.01","1,795.50"
20,2021-12-02,"1,795.30","1,839.57","1,795.30","1,832.77"
19,2021-12-03,"1,833.71","1,842.66","1,764.44","1,786.24"
18,2021-12-06,"1,785.97","1,803.74","1,763.59","1,795.35"
17,2021-12-07,"1,797.50","1,861.62","1,797.50","1,852.44"
16,2021-12-08,"1,852.53","1,880.03","1,846.47","1,877.65"
15,2021-12-09,"1,877.27","1,880.94","1,836.45","1,836.50"
14,2021-12-10,"1,837.74","1,854.70","1,823.17","1,832.57"
13,2021-12-13,"1,832.64","1,836.77","1,807.02","1,817.25"
12,2021-12-14,"1,815.07","1,815.07","1,771.29","1,788.54"
11,2021-12-15,"1,788.61","1,822.23","1,769.02","1,821.42"
10,2021-12-16,"1,822.42","1,831.21","1,776.44","1,785.90"
9,2021-12-17,"1,784.96","1,811.01","1,758.63","1,799.11"
8,2021-12-20,"1,797.21","1,797.21","1,756.45","1,770.47"
7,2021-12-21,"1,771.94","1,826.31","1,771.94","1,825.98"
6,2021-12-22,"1,825.77","1,841.31","1,820.90","1,841.05"
5,2021-12-23,"1,841.46","1,860.51","1,841.46","1,854.97"
4,2021-12-27,"1,856.34","1,874.05","1,856.10","1,873.79"
3,2021-12-28,"1,874.52","1,880.69","1,856.23","1,859.39"
2,2021-12-29,"1,859.65","1,865.07","1,849.64","1,862.20"
1,2021-12-30,"1,862.95","1,881.62","1,862.95","1,865.76"
0,2021-12-31,"1,863.20","1,869.54","1,857.71","1,857.71"
250,2022-01-03,"1,858.29","1,862.80","1,827.21","1,839.60"
249,2022-01-04,"1,858.29","1,862.80","1,792.52","1,814.66"
248,2022-01-05,"1,812.92","1,812.92","1,742.68","1,742.91"
247,2022-01-06,"1,743.04","1,763.35","1,719.36","1,746.97"
246,2022-01-07,"1,746.51","1,758.23","1,717.26","1,717.35"
245,2022-01-10,"1,716.45","1,717.78","1,660.85","1,717.05"
244,2022-01-11,"1,716.67","1,745.18","1,709.16","1,743.41"
243,2022-01-12,"1,743.71","1,765.01","1,728.24","1,737.49"
242,2022-01-13,"1,737.68","1,743.36","1,688.05","1,690.53"
241,2022-01-14,"1,689.88","1,689.88","1,652.64","1,680.46"
240,2022-01-18,"1,678.06","1,678.06","1,633.38","1,636.00"
239,2022-01-19,"1,636.40","1,660.13","1,624.27","1,624.63"
238,2022-01-20,"1,624.93","1,665.14","1,602.66","1,604.38"
237,2022-01-21,"1,603.81","1,609.47","1,564.81","1,565.97"
236,2022-01-24,"1,565.52","1,598.17","1,497.08","1,596.39"
235,2022-01-25,"1,592.76","1,592.76","1,534.33","1,547.22"
234,2022-01-26,"1,548.90","1,592.12","1,518.46","1,531.15"
233,2022-01-27,"1,532.93","1,560.23","1,504.77","1,508.52"
232,2022-01-28,"1,508.92","1,552.49","1,488.59","1,552.46"
231,2022-01-31,"1,553.10","1,617.82","1,553.10","1,617.65"
230,2022-02-01,"1,617.73","1,637.59","1,600.14","1,636.04"
229,2022-02-02,"1,636.67","1,644.64","1,617.06","1,631.22"
228,2022-02-03,"1,630.03","1,630.03","1,580.40","1,583.10"
227,2022-02-04,"1,582.76","1,619.56","1,576.93","1,605.91"
226,2022-02-07,"1,605.61","1,629.60","1,602.80","1,606.69"
225,2022-02-08,"1,606.51","1,629.46","1,594.10","1,626.22"
224,2022-02-09,"1,626.96","1,674.09","1,626.96","1,673.91"
223,2022-02-10,"1,672.95","1,688.39","1,638.51","1,648.12"
222,2022-02-11,"1,648.26","1,660.34","1,597.66","1,606.36"
221,2022-02-14,"1,606.23","1,620.26","1,586.10","1,596.27"
220,2022-02-15,"1,597.26","1,640.99","1,597.26","1,638.99"
219,2022-02-16,"1,637.16","1,638.27","1,611.65","1,634.02"
218,2022-02-17,"1,633.91","1,633.91","1,578.92","1,581.34"
217,2022-02-18,"1,581.33","1,590.84","1,552.74","1,559.34"
216,2022-02-22,"1,559.71","1,567.65","1,526.48","1,537.54"
215,2022-02-23,"1,538.62","1,552.97","1,496.72","1,497.31"
214,2022-02-24,"1,497.30","1,562.51","1,457.70","1,560.97"
213,2022-02-25,"1,561.13","1,593.56","1,542.70","1,593.44"
212,2022-02-28,"1,593.59","1,607.27","1,576.19","1,596.81"
211,2022-03-01,"1,597.19","1,601.82","1,564.59","1,574.22"
210,2022-03-02,"1,574.77","1,606.41","1,571.23","1,600.95"
209,2022-03-03,"1,601.62","1,607.92","1,560.64","1,567.36"
208,2022-03-04,"1,566.88","1,566.88","1,522.57","1,537.77"
207,2022-03-07,"1,538.02","1,542.15","1,469.13","1,469.19"
206,2022-03-08,"1,469.12","1,499.94","1,451.05","1,464.00"
205,2022-03-09,"1,465.83","1,526.99","1,465.83","1,520.44"
204,2022-03-10,"1,518.73","1,518.73","1,487.49","1,509.49"
203,2022-03-11,"1,510.06","1,522.53","1,470.50","1,471.09"
202,2022-03-14,"1,470.63","1,483.11","1,434.30","1,441.76"
201,2022-03-15,"1,441.35","1,479.12","1,441.35","1,477.18"
200,2022-03-16,"1,478.29","1,538.90","1,478.29","1,538.69"
199,2022-03-17,"1,538.22","1,571.91","1,526.91","1,571.90"
198,2022-03-18,"1,572.24","1,612.16","1,566.67","1,610.43"
197,2022-03-21,"1,609.45","1,611.29","1,576.32","1,593.48"
196,2022-03-22,"1,592.96","1,625.84","1,592.96","1,621.05"
195,2022-03-23,"1,619.69","1,620.17","1,591.07","1,593.18"
194,2022-03-24,"1,594.50","1,618.30","1,584.59","1,618.24"
193,2022-03-25,"1,619.22","1,623.59","1,589.66","1,607.14"
192,2022-03-28,"1,606.20","1,623.94","1,593.67","1,623.93"
191,2022-03-29,"1,624.45","1,672.53","1,624.45","1,667.63"
190,2022-03-30,"1,666.83","1,666.83","1,636.59","1,643.95"
189,2022-03-31,"1,644.20","1,651.72","1,621.19","1,621.26"
188,2022-04-01,"1,621.60","1,636.07","1,616.26","1,630.71"
187,2022-04-04,"1,631.03","1,652.70","1,631.03","1,651.98"
186,2022-04-05,"1,652.04","1,652.04","1,611.68","1,615.89"
185,2022-04-06,"1,614.63","1,614.63","1,567.16","1,582.84"
184,2022-04-07,"1,582.19","1,597.98","1,564.45","1,589.36"
183,2022-04-08,"1,587.50","1,594.34","1,571.56","1,576.00"
182,2022-04-11,"1,574.76","1,574.76","1,554.60","1,556.60"
181,2022-04-12,"1,559.53","1,595.11","1,543.76","1,548.30"
180,2022-04-13,"1,548.40","1,586.31","1,548.40","1,583.72"
179,2022-04-14,"1,583.95","1,588.68","1,556.82","1,557.08"
178,2022-04-18,"1,553.68","1,553.68","1,528.03","1,539.39"
177,2022-04-19,"1,539.36","1,584.83","1,539.36","1,582.19"
176,2022-04-20,"1,583.28","1,592.74","1,572.49","1,574.18"
175,2022-04-21,"1,581.06","1,597.01","1,523.81","1,527.67"
174,2022-04-22,"1,525.15","1,525.98","1,483.91","1,484.53"
173,2022-04-25,"1,479.24","1,507.13","1,469.68","1,506.81"
172,2022-04-26,"1,498.23","1,498.23","1,452.35","1,452.42"
171,2022-04-27,"1,453.09","1,478.06","1,444.67","1,450.16"
170,2022-04-28,"1,455.10","1,495.62","1,441.39","1,486.85"
169,2022-04-29,"1,482.66","1,500.52","1,436.76","1,438.35"
168,2022-05-02,"1,437.51","1,458.21","1,419.94","1,457.75"
167,2022-05-03,"1,456.75","1,465.68","1,444.86","1,454.29"
166,2022-05-04,"1,455.32","1,495.79","1,423.87","1,493.50"
165,2022-05-05,"1,481.67","1,481.67","1,405.81","1,421.45"
164,2022-05-06,"1,417.16","1,417.16","1,362.28","1,385.05"
163,2022-05-09,"1,379.24","1,379.24","1,303.57","1,309.14"
162,2022-05-10,"1,318.86","1,344.02","1,285.27","1,316.89"
161,2022-05-11,"1,312.85","1,332.49","1,274.73","1,276.51"
160,2022-05-12,"1,271.05","1,313.03","1,257.28","1,296.79"
159,2022-05-13,"1,303.86","1,361.16","1,303.86","1,354.83"
158,2022-05-16,"1,351.67","1,352.97","1,327.14","1,329.39"
157,2022-05-17,"1,337.43","1,361.88","1,330.38","1,359.32"
156,2022-05-18,"1,353.80","1,353.80","1,290.71","1,296.20"
155,2022-05-19,"1,292.98","1,331.96","1,287.73","1,314.82"
154,2022-05-20,"1,322.56","1,336.31","1,282.01","1,319.90"
153,2022-05-23,"1,325.93","1,331.54","1,306.37","1,328.21"
152,2022-05-24,"1,315.86","1,315.86","1,277.03","1,290.44"
151,2022-05-25,"1,286.02","1,324.72","1,284.35","1,316.98"
150,2022-05-26,"1,322.28","1,363.19","1,321.48","1,357.59"
149,2022-05-27,"1,366.83","1,404.41","1,366.83","1,404.41"
148,2022-05-31,"1,400.08","1,400.48","1,373.72","1,381.08"
147,2022-06-01,"1,386.90","1,396.13","1,351.93","1,363.62"
146,2022-06-02,"1,364.68","1,417.06","1,364.45","1,416.97"
145,2022-06-03,"1,404.14","1,406.07","1,386.13","1,392.33"
144,2022-06-06,"1,401.03","1,411.46","1,393.23","1,398.17"
143,2022-06-07,"1,389.66","1,419.07","1,380.61","1,417.73"
142,2022-06-08,"1,413.74","1,420.96","1,399.84","1,402.43"
141,2022-06-09,"1,397.85","1,399.54","1,366.36","1,366.37"
140,2022-06-10,"1,353.51","1,353.51","1,314.66","1,317.08"
139,2022-06-13,"1,294.81","1,294.81","1,243.31","1,250.34"
138,2022-06-14,"1,252.87","1,262.43","1,238.10","1,248.24"
137,2022-06-15,"1,255.39","1,291.22","1,250.03","1,273.95"
136,2022-06-16,"1,259.11","1,259.11","1,205.33","1,213.98"
135,2022-06-17,"1,216.90","1,243.67","1,214.81","1,232.19"
134,2022-06-21,"1,241.73","1,268.76","1,241.73","1,255.87"
133,2022-06-22,"1,247.18","1,269.92","1,237.99","1,257.40"
132,2022-06-23,"1,262.13","1,293.55","1,260.07","1,290.72"
131,2022-06-24,"1,299.52","1,338.29","1,299.52","1,338.06"
130,2022-06-27,"1,340.47","1,344.70","1,323.33","1,334.22"
129,2022-06-28,"1,337.58","1,348.11","1,299.24","1,299.90"
128,2022-06-29,"1,300.05","1,300.05","1,281.29","1,291.79"
127,2022-06-30,"1,284.45","1,291.91","1,258.80","1,276.87"
126,2022-07-01,"1,276.56","1,296.32","1,269.62","1,294.91"
125,2022-07-05,"1,286.75","1,313.77","1,267.07","1,313.62"
124,2022-07-06,"1,314.43","1,322.54","1,299.54","1,310.29"
123,2022-07-07,"1,314.05","1,344.28","1,314.05","1,342.27"
122,2022-07-08,"1,338.41","1,348.39","1,324.24","1,338.23"
121,2022-07-11,"1,334.85","1,334.85","1,312.04","1,314.69"
120,2022-07-12,"1,314.49","1,327.93","1,290.63","1,297.55"
119,2022-07-13,"1,285.01","1,302.38","1,269.11","1,292.81"
118,2022-07-14,"1,284.70","1,284.70","1,259.02","1,281.43"
117,2022-07-15,"1,291.14","1,308.44","1,285.04","1,308.44"
116,2022-07-18,"1,308.91","1,310.45","1,299.43","1,303.69"
115,2022-07-19,"1,316.51","1,347.94","1,316.51","1,347.22"
114,2022-07-20,"1,348.96","1,376.29","1,348.95","1,372.47"
113,2022-07-21,"1,368.36","1,390.59","1,365.46","1,390.53"
112,2022-07-22,"1,392.54","1,400.59","1,360.88","1,368.04"
111,2022-07-25,"1,368.17","1,368.17","1,354.61","1,365.23"
110,2022-07-26,"1,360.70","1,360.70","1,340.40","1,343.99"
109,2022-07-27,"1,353.42","1,394.37","1,353.42","1,388.67"
108,2022-07-28,"1,392.46","1,419.57","1,380.33","1,418.63"
107,2022-07-29,"1,418.35","1,435.24","1,410.64","1,432.74"
106,2022-08-01,"1,420.66","1,442.00","1,414.32","1,432.91"
105,2022-08-02,"1,425.11","1,450.52","1,424.42","1,435.52"
104,2022-08-03,"1,444.20","1,462.17","1,440.82","1,458.38"
103,2022-08-04,"1,456.13","1,458.30","1,446.67","1,456.19"
102,2022-08-05,"1,440.86","1,467.37","1,438.94","1,466.58"
101,2022-08-08,"1,470.19","1,490.12","1,469.86","1,471.97"
100,2022-08-09,"1,467.23","1,467.23","1,443.06","1,447.26"
99,2022-08-10,"1,467.96","1,495.97","1,467.96","1,495.11"
98,2022-08-11,"1,504.48","1,520.09","1,488.56","1,490.59"
97,2022-08-12,"1,493.84","1,516.56","1,492.91","1,516.36"
96,2022-08-15,"1,512.17","1,523.06","1,506.30","1,520.44"
95,2022-08-16,"1,516.64","1,527.49","1,503.64","1,519.78"
94,2022-08-17,"1,512.02","1,512.02","1,489.84","1,499.02"
93,2022-08-18,"1,499.63","1,506.69","1,494.86","1,503.33"
92,2022-08-19,"1,496.92","1,496.92","1,468.79","1,473.37"
91,2022-08-22,"1,454.54","1,455.78","1,439.08","1,441.44"
90,2022-08-23,"1,441.95","1,455.48","1,438.48","1,439.68"
89,2022-08-24,"1,441.31","1,457.45","1,439.80","1,450.85"
88,2022-08-25,"1,461.26","1,474.27","1,457.49","1,474.02"
87,2022-08-26,"1,473.63","1,473.63","1,420.20","1,420.20"
86,2022-08-29,"1,405.66","1,420.80","1,404.07","1,407.82"
85,2022-08-30,"1,414.45","1,416.33","1,385.32","1,394.01"
84,2022-08-31,"1,400.56","1,407.79","1,383.11","1,384.68"
83,2022-09-01,"1,370.10","1,372.84","1,346.69","1,372.32"
82,2022-09-02,"1,386.91","1,393.15","1,357.74","1,363.94"
81,2022-09-06,"1,366.06","1,370.57","1,348.66","1,360.44"
80,2022-09-07,"1,360.28","1,397.02","1,360.13","1,394.48"
79,2022-09-08,"1,389.28","1,413.75","1,380.50","1,413.65"
78,2022-09-09,"1,419.82","1,444.31","1,419.82","1,441.16"
77,2022-09-12,"1,444.34","1,454.88","1,443.91","1,454.71"
76,2022-09-13,"1,433.87","1,433.87","1,390.23","1,393.57"
75,2022-09-14,"1,395.68","1,404.72","1,384.57","1,399.06"
74,2022-09-15,"1,394.19","1,410.14","1,379.26","1,384.89"
73,2022-09-16,"1,377.03","1,377.03","1,350.67","1,363.51"
72,2022-09-19,"1,356.22","1,373.43","1,351.04","1,372.78"
71,2022-09-20,"1,365.13","1,365.13","1,343.45","1,351.52"
70,2022-09-21,"1,357.89","1,375.13","1,330.44","1,330.53"
69,2022-09-22,"1,328.36","1,328.36","1,293.71","1,295.74"
68,2022-09-23,"1,287.53","1,287.53","1,257.54","1,274.93"
67,2022-09-26,"1,273.11","1,289.01","1,258.77","1,259.02"
66,2022-09-27,"1,270.39","1,285.23","1,255.89","1,264.71"
65,2022-09-28,"1,269.18","1,306.84","1,269.18","1,301.34"
64,2022-09-29,"1,299.04","1,299.04","1,265.86","1,277.74"
63,2022-09-30,"1,276.46","1,297.91","1,265.57","1,266.19"
62,2022-10-03,"1,279.71","1,309.02","1,272.50","1,302.26"
61,2022-10-04,"1,321.86","1,353.22","1,321.86","1,353.15"
60,2022-10-05,"1,336.75","1,358.85","1,325.80","1,350.69"
59,2022-10-06,"1,348.85","1,361.01","1,340.52","1,343.85"
58,2022-10-07,"1,327.87","1,327.87","1,295.12","1,301.88"
57,2022-10-10,"1,305.82","1,305.82","1,274.34","1,284.68"
56,2022-10-11,"1,281.26","1,291.67","1,259.32","1,271.66"
55,2022-10-12,"1,273.52","1,273.92","1,261.04","1,266.60"
54,2022-10-13,"1,237.64","1,293.50","1,225.37","1,286.41"
53,2022-10-14,"1,298.14","1,303.16","1,247.37","1,248.67"
52,2022-10-17,"1,262.04","1,294.49","1,262.04","1,288.80"
51,2022-10-18,"1,304.76","1,325.43","1,296.98","1,308.56"
50,2022-10-19,"1,301.66","1,301.66","1,275.45","1,284.66"
49,2022-10-20,"1,285.97","1,302.01","1,270.30","1,274.25"
48,2022-10-21,"1,273.63","1,301.54","1,262.10","1,299.98"
47,2022-10-24,"1,305.45","1,313.63","1,288.88","1,310.52"
46,2022-10-25,"1,313.45","1,347.06","1,313.45","1,345.74"
45,2022-10-26,"1,342.09","1,368.46","1,338.70","1,343.85"
44,2022-10-27,"1,350.97","1,363.27","1,342.59","1,344.86"
43,2022-10-28,"1,343.31","1,370.95","1,336.63","1,370.08"
42,2022-10-31,"1,363.31","1,374.85","1,358.59","1,365.28"
41,2022-11-01,"1,379.59","1,389.75","1,366.24","1,370.97"
40,2022-11-02,"1,366.72","1,376.75","1,322.83","1,323.06"
39,2022-11-03,"1,311.11","1,330.99","1,300.46","1,317.21"
38,2022-11-04,"1,333.76","1,337.49","1,299.74","1,322.88"
37,2022-11-07,"1,330.26","1,333.56","1,315.37","1,330.99"
36,2022-11-08,"1,336.04","1,357.05","1,325.88","1,341.91"
35,2022-11-09,"1,333.72","1,335.39","1,309.71","1,311.71"
34,2022-11-10,"1,347.96","1,405.07","1,347.96","1,403.85"
33,2022-11-11,"1,408.56","1,431.25","1,406.46","1,424.25"
32,2022-11-14,"1,419.92","1,427.77","1,405.75","1,405.92"
31,2022-11-15,"1,425.30","1,439.42","1,418.47","1,430.03"
30,2022-11-16,"1,422.78","1,422.78","1,403.69","1,405.63"
29,2022-11-17,"1,392.63","1,392.63","1,372.93","1,387.06"
28,2022-11-18,"1,398.73","1,403.98","1,381.24","1,393.43"
27,2022-11-21,"1,388.15","1,389.20","1,380.76","1,385.71"
26,2022-11-22,"1,388.90","1,405.25","1,386.01","1,404.97"
25,2022-11-23,"1,405.21","1,420.04","1,404.66","1,415.64"
24,2022-11-25,"1,414.48","1,419.52","1,412.02","1,417.39"
23,2022-11-28,"1,408.52","1,412.69","1,391.02","1,394.07"
22,2022-11-29,"1,395.39","1,400.79","1,388.15","1,391.11"
21,2022-11-30,"1,389.69","1,438.20","1,386.16","1,438.18"
20,2022-12-01,"1,442.90","1,454.86","1,436.85","1,449.07"
19,2022-12-02,"1,433.84","1,451.28","1,425.70","1,446.66"
18,2022-12-05,"1,439.14","1,439.14","1,405.62","1,409.79"
17,2022-12-06,"1,408.49","1,408.81","1,374.00","1,383.85"
16,2022-12-07,"1,381.55","1,392.00","1,378.14","1,383.84"
15,2022-12-08,"1,391.17","1,407.24","1,387.23","1,400.74"
14,2022-12-09,"1,396.43","1,399.78","1,385.27","1,385.56"
13,2022-12-12,"1,388.70","1,409.67","1,388.20","1,409.62"
12,2022-12-13,"1,434.02","1,456.31","1,414.64","1,425.26"
11,2022-12-14,"1,424.15","1,434.79","1,406.55","1,417.17"
10,2022-12-15,"1,403.33","1,403.33","1,373.09","1,375.77"
9,2022-12-16,"1,367.64","1,370.53","1,353.04","1,361.84"
8,2022-12-19,"1,361.42","1,361.42","1,336.99","1,341.88"
7,2022-12-20,"1,337.81","1,350.71","1,333.58","1,345.79"
6,2022-12-21,"1,351.35","1,370.76","1,349.97","1,368.34"
5,2022-12-22,"1,360.26","1,360.26","1,325.02","1,346.47"
4,2022-12-23,"1,344.49","1,350.76","1,335.96","1,350.62"
3,2022-12-27,"1,349.97","1,350.63","1,337.42","1,342.69"
2,2022-12-28,"1,342.28","1,346.83","1,325.31","1,325.73"
1,2022-12-29,"1,330.36","1,359.45","1,330.36","1,355.83"
0,2022-12-30,"1,350.01","1,350.99","1,336.49","1,350.75"
249,2023-01-03,"1,355.79","1,367.86","1,332.29","1,341.14"
248,2023-01-04,"1,355.79","1,367.86","1,332.29","1,357.81"
247,2023-01-05,"1,350.57","1,350.57","1,335.25","1,339.08"
246,2023-01-06,"1,347.42","1,367.68","1,336.01","1,363.47"
245,2023-01-09,"1,369.76","1,386.81","1,368.40","1,370.83"
244,2023-01-10,"1,368.89","1,386.57","1,367.67","1,386.44"
243,2023-01-11,"1,392.22","1,409.23","1,392.06","1,409.23"
242,2023-01-12,"1,410.89","1,416.46","1,393.68","1,413.50"
241,2023-01-13,"1,404.50","1,422.83","1,401.36","1,422.08"
240,2023-01-17,"1,421.61","1,431.37","1,417.60","1,426.71"
239,2023-01-18,"1,432.81","1,445.83","1,410.31","1,410.66"
238,2023-01-19,"1,403.74","1,403.74","1,386.34","1,389.96"
237,2023-01-20,"1,393.80","1,421.87","1,391.56","1,421.38"
236,2023-01-23,"1,424.25","1,449.74","1,423.41","1,446.76"
235,2023-01-24,"1,441.26","1,443.46","1,434.43","1,437.76"
234,2023-01-25,"1,426.51","1,437.89","1,407.43","1,437.05"
233,2023-01-26,"1,443.50","1,454.94","1,438.47","1,454.59"
232,2023-01-27,"1,450.94","1,468.13","1,448.02","1,460.91"
231,2023-01-30,"1,455.19","1,458.50","1,439.30","1,439.84"
230,2023-01-31,"1,441.89","1,468.29","1,441.89","1,468.20"
229,2023-02-01,"1,466.25","1,506.01","1,462.58","1,497.42"
228,2023-02-02,"1,504.33","1,535.11","1,504.33","1,525.84"
227,2023-02-03,"1,516.87","1,522.00","1,499.21","1,503.37"
226,2023-02-06,"1,495.68","1,499.41","1,484.97","1,488.29"
225,2023-02-07,"1,484.99","1,512.16","1,473.80","1,508.37"
224,2023-02-08,"1,505.04","1,510.97","1,491.72","1,494.07"
223,2023-02-09,"1,505.74","1,513.23","1,478.23","1,482.31"
222,2023-02-10,"1,477.40","1,480.62","1,468.57","1,475.83"
221,2023-02-13,"1,479.39","1,498.32","1,475.70","1,496.21"
220,2023-02-14,"1,492.31","1,514.04","1,486.01","1,506.41"
219,2023-02-15,"1,503.03","1,528.91","1,501.42","1,528.75"
218,2023-02-16,"1,514.92","1,522.64","1,502.90","1,506.45"
217,2023-02-17,"1,502.58","1,502.58","1,484.40","1,494.43"
216,2023-02-21,"1,484.03","1,484.03","1,456.52","1,456.90"
215,2023-02-22,"1,459.55","1,466.35","1,451.97","1,458.42"
214,2023-02-23,"1,464.10","1,469.94","1,447.17","1,466.09"
213,2023-02-24,"1,452.50","1,452.50","1,439.35","1,447.81"
212,2023-02-27,"1,456.69","1,467.82","1,451.47","1,454.46"
211,2023-02-28,"1,453.63","1,463.35","1,452.07","1,452.45"
210,2023-03-01,"1,452.72","1,457.80","1,446.00","1,450.71"
209,2023-03-02,"1,445.00","1,469.88","1,439.63","1,467.61"
208,2023-03-03,"1,469.86","1,493.16","1,469.86","1,491.36"
207,2023-03-06,"1,489.90","1,498.27","1,479.42","1,481.15"
206,2023-03-07,"1,481.22","1,486.75","1,461.98","1,463.68"
205,2023-03-08,"1,464.18","1,469.81","1,458.60","1,468.34"
204,2023-03-09,"1,468.94","1,474.82","1,433.32","1,434.35"
203,2023-03-10,"1,433.01","1,433.01","1,389.69","1,397.40"
202,2023-03-13,"1,389.84","1,409.62","1,373.02","1,393.20"
201,2023-03-14,"1,402.58","1,424.84","1,400.29","1,414.90"
200,2023-03-15,"1,405.05","1,405.05","1,373.66","1,392.96"
199,2023-03-16,"1,389.22","1,418.84","1,382.88","1,416.52"
198,2023-03-17,"1,415.10","1,415.10","1,387.73","1,393.56"
197,2023-03-20,"1,394.92","1,410.57","1,394.53","1,407.76"
196,2023-03-21,"1,415.88","1,437.52","1,415.88","1,434.47"
195,2023-03-22,"1,433.98","1,442.34","1,403.64","1,403.97"
194,2023-03-23,"1,409.02","1,431.44","1,395.20","1,406.50"
193,2023-03-24,"1,402.74","1,406.09","1,385.64","1,405.24"
192,2023-03-27,"1,411.95","1,421.40","1,408.11","1,414.04"
191,2023-03-28,"1,412.94","1,417.54","1,407.17","1,413.82"
190,2023-03-29,"1,422.71","1,437.24","1,422.71","1,435.81"
189,2023-03-30,"1,443.51","1,450.40","1,437.43","1,442.91"
188,2023-03-31,"1,446.52","1,471.45","1,446.52","1,471.13"
187,2023-04-03,"1,469.20","1,471.32","1,457.92","1,470.26"
186,2023-04-04,"1,471.56","1,474.01","1,450.50","1,455.49"
185,2023-04-05,"1,451.92","1,451.92","1,429.57","1,435.29"
184,2023-04-06,"1,432.63","1,436.78","1,422.43","1,435.19"
183,2023-04-10,"1,430.24","1,448.15","1,425.94","1,448.04"
182,2023-04-11,"1,450.21","1,462.22","1,450.21","1,456.51"
181,2023-04-12,"1,462.50","1,470.94","1,448.61","1,449.78"
180,2023-04-13,"1,453.45","1,469.13","1,452.45","1,467.29"
179,2023-04-14,"1,464.82","1,475.38","1,452.89","1,462.13"
178,2023-04-17,"1,462.78","1,469.75","1,459.46","1,469.73"
177,2023-04-18,"1,474.55","1,480.58","1,468.12","1,472.82"
176,2023-04-19,"1,468.18","1,469.81","1,460.31","1,467.98"
175,2023-04-20,"1,461.52","1,468.06","1,456.03","1,460.63"
174,2023-04-21,"1,462.14","1,465.12","1,455.74","1,463.16"
173,2023-04-24,"1,463.86","1,467.92","1,456.56","1,464.45"
172,2023-04-25,"1,460.52","1,460.52","1,426.92","1,426.92"
171,2023-04-26,"1,426.23","1,433.10","1,415.96","1,418.96"
170,2023-04-27,"1,421.32","1,437.61","1,417.32","1,436.77"
169,2023-04-28,"1,434.68","1,450.21","1,430.22","1,449.39"
168,2023-05-01,"1,447.68","1,457.61","1,446.81","1,450.98"
167,2023-05-02,"1,444.41","1,444.95","1,417.96","1,429.69"
166,2023-05-03,"1,432.63","1,446.87","1,426.16","1,426.60"
165,2023-05-04,"1,425.20","1,428.19","1,414.01","1,416.14"
164,2023-05-05,"1,423.90","1,441.16","1,423.90","1,437.65"
163,2023-05-08,"1,440.60","1,443.61","1,434.52","1,440.11"
162,2023-05-09,"1,434.51","1,440.84","1,432.28","1,436.92"
161,2023-05-10,"1,447.69","1,451.27","1,432.45","1,444.68"
160,2023-05-11,"1,444.42","1,444.42","1,432.11","1,439.43"
159,2023-05-12,"1,441.59","1,445.78","1,428.30","1,437.17"
158,2023-05-15,"1,438.19","1,451.73","1,436.90","1,450.54"
157,2023-05-16,"1,444.58","1,444.58","1,430.16","1,430.22"
156,2023-05-17,"1,435.22","1,451.36","1,429.87","1,448.47"
155,2023-05-18,"1,449.20","1,472.44","1,449.13","1,471.36"
154,2023-05-19,"1,473.87","1,475.44","1,461.07","1,464.71"
153,2023-05-22,"1,465.28","1,476.78","1,464.57","1,470.65"
152,2023-05-23,"1,464.45","1,467.98","1,445.36","1,446.64"
151,2023-05-24,"1,464.45","1,467.98","1,428.94","1,434.06"
150,2023-05-25,"1,438.72","1,445.44","1,433.31","1,441.84"
149,2023-05-26,"1,443.64","1,461.05","1,443.64","1,457.81"
148,2023-05-30,"1,462.31","1,470.62","1,455.64","1,459.84"
147,2023-05-31,"1,454.77","1,454.77","1,439.13","1,448.93"
146,2023-06-01,"1,447.26","1,470.41","1,443.58","1,464.62"
145,2023-06-02,"1,472.15","1,495.56","1,472.15","1,491.88"
144,2023-06-05,"1,490.89","1,495.00","1,480.87","1,490.11"
143,2023-06-06,"1,488.63","1,500.16","1,485.96","1,497.16"
142,2023-06-07,"1,497.78","1,507.52","1,488.36","1,491.20"
141,2023-06-08,"1,489.81","1,497.95","1,484.34","1,496.83"
140,2023-06-09,"1,498.82","1,505.11","1,490.41","1,494.53"
139,2023-06-12,"1,496.70","1,513.62","1,496.38","1,513.44"
138,2023-06-13,"1,517.66","1,531.04","1,517.66","1,530.20"
137,2023-06-14,"1,530.50","1,535.19","1,516.28","1,526.68"
136,2023-06-15,"1,523.86","1,548.39","1,521.14","1,545.20"
135,2023-06-16,"1,550.16","1,554.46","1,535.85","1,538.63"
134,2023-06-20,"1,533.58","1,533.58","1,518.18","1,526.91"
133,2023-06-21,"1,525.51","1,526.81","1,517.89","1,521.31"
132,2023-06-22,"1,519.22","1,519.94","1,509.72","1,518.76"
131,2023-06-23,"1,510.69","1,511.24","1,501.95","1,504.52"
130,2023-06-26,"1,503.50","1,513.06","1,501.91","1,505.55"
129,2023-06-27,"1,508.16","1,530.12","1,508.16","1,527.58"
128,2023-06-28,"1,526.59","1,538.18","1,524.06","1,534.43"
127,2023-06-29,"1,535.32","1,543.05","1,533.39","1,542.11"
126,2023-06-30,"1,547.46","1,565.60","1,547.46","1,559.75"
125,2023-07-03,"1,558.09","1,558.09","1,552.41","1,556.51"
124,2023-07-05,"1,553.09","1,554.02","1,543.80","1,550.86"
123,2023-07-06,"1,547.92","1,547.92","1,521.14","1,533.79"
122,2023-07-07,"1,533.21","1,549.10","1,532.39","1,537.40"
121,2023-07-10,"1,537.10","1,564.83","1,536.99","1,564.68"
120,2023-07-11,"1,567.12","1,584.08","1,567.12","1,581.71"
119,2023-07-12,"1,590.81","1,597.81","1,585.94","1,590.29"
118,2023-07-13,"1,594.31","1,607.54","1,594.31","1,604.68"
117,2023-07-14,"1,605.25","1,607.69","1,593.78","1,597.23"
116,2023-07-17,"1,594.59","1,616.33","1,592.78","1,611.39"
115,2023-07-18,"1,611.69","1,620.58","1,609.70","1,619.62"
114,2023-07-19,"1,621.86","1,627.44","1,613.48","1,619.08"
113,2023-07-20,"1,612.70","1,612.70","1,595.62","1,596.91"
112,2023-07-21,"1,603.28","1,606.80","1,597.75","1,599.27"
111,2023-07-24,"1,600.69","1,602.44","1,590.90","1,592.72"
110,2023-07-25,"1,591.38","1,603.32","1,590.83","1,599.07"
109,2023-07-26,"1,595.30","1,603.98","1,590.21","1,600.19"
108,2023-07-27,"1,607.14","1,613.71","1,578.61","1,581.72"
107,2023-07-28,"1,590.12","1,600.38","1,590.12","1,598.90"
106,2023-07-31,"1,601.24","1,610.07","1,599.80","1,606.57"
105,2023-08-01,"1,600.53","1,600.53","1,589.14","1,598.36"
104,2023-08-02,"1,587.61","1,587.61","1,564.22","1,571.08"
103,2023-08-03,"1,566.27","1,572.66","1,561.57","1,567.16"
102,2023-08-04,"1,568.92","1,574.01","1,551.77","1,553.75"
101,2023-08-07,"1,557.25","1,564.40","1,554.15","1,564.22"
100,2023-08-08,"1,553.15","1,553.15","1,532.19","1,544.79"
99,2023-08-09,"1,545.65","1,547.90","1,535.44","1,537.91"
98,2023-08-10,"1,541.39","1,558.51","1,534.48","1,539.46"
97,2023-08-11,"1,536.52","1,541.00","1,531.12","1,536.96"
96,2023-08-14,"1,534.85","1,546.68","1,532.31","1,546.53"
95,2023-08-15,"1,542.35","1,542.35","1,528.13","1,529.46"
94,2023-08-16,"1,528.81","1,531.21","1,515.55","1,515.67"
93,2023-08-17,"1,516.81","1,517.66","1,491.28","1,491.50"
92,2023-08-18,"1,487.19","1,499.38","1,479.92","1,496.78"
91,2023-08-21,"1,498.69","1,505.01","1,491.60","1,501.21"
90,2023-08-22,"1,503.20","1,506.53","1,498.15","1,500.34"
89,2023-08-23,"1,501.85","1,520.80","1,501.85","1,518.56"
88,2023-08-24,"1,521.16","1,522.68","1,496.34","1,496.39"
87,2023-08-25,"1,499.08","1,513.83","1,491.29","1,509.11"
86,2023-08-28,"1,514.04","1,522.55","1,514.04","1,518.11"
85,2023-08-29,"1,517.02","1,542.17","1,515.40","1,541.96"
84,2023-08-30,"1,541.97","1,555.40","1,541.97","1,552.54"
83,2023-08-31,"1,554.67","1,560.81","1,551.88","1,551.99"
82,2023-09-01,"1,560.31","1,569.06","1,559.33","1,562.97"
81,2023-09-05,"1,560.19","1,560.19","1,547.14","1,549.24"
80,2023-09-06,"1,548.83","1,554.10","1,540.13","1,546.44"
79,2023-09-07,"1,543.83","1,543.83","1,525.48","1,538.19"
78,2023-09-08,"1,538.78","1,542.48","1,528.46","1,529.82"
77,2023-09-11,"1,537.97","1,539.76","1,533.94","1,537.56"
76,2023-09-12,"1,530.90","1,539.30","1,529.53","1,530.59"
75,2023-09-13,"1,527.84","1,530.45","1,520.73","1,523.83"
74,2023-09-14,"1,531.83","1,535.19","1,522.57","1,532.54"
73,2023-09-15,"1,527.27","1,527.52","1,512.14","1,514.50"
72,2023-09-18,"1,510.10","1,516.66","1,509.77","1,510.41"
71,2023-09-19,"1,509.12","1,509.14","1,497.73","1,505.38"
70,2023-09-20,"1,510.25","1,514.87","1,496.70","1,496.81"
69,2023-09-21,"1,487.32","1,488.84","1,465.28","1,465.35"
68,2023-09-22,"1,470.50","1,474.78","1,464.81","1,465.42"
67,2023-09-25,"1,459.97","1,471.25","1,458.80","1,469.84"
66,2023-09-26,"1,463.12","1,467.57","1,452.01","1,452.59"
65,2023-09-27,"1,458.26","1,471.19","1,453.98","1,464.39"
64,2023-09-28,"1,464.57","1,486.98","1,463.14","1,479.81"
63,2023-09-29,"1,489.32","1,494.85","1,474.54","1,475.57"
62,2023-10-02,"1,473.42","1,476.64","1,461.04","1,467.46"
61,2023-10-03,"1,461.57","1,464.28","1,436.08","1,440.80"
60,2023-10-04,"1,443.99","1,456.21","1,436.37","1,455.23"
59,2023-10-05,"1,452.98","1,455.75","1,438.31","1,451.95"
58,2023-10-06,"1,446.49","1,479.57","1,444.34","1,474.00"
57,2023-10-09,"1,466.67","1,486.32","1,463.75","1,484.05"
56,2023-10-10,"1,486.73","1,507.94","1,486.73","1,498.69"
55,2023-10-11,"1,500.65","1,504.81","1,489.65","1,500.89"
54,2023-10-12,"1,504.07","1,504.53","1,471.52","1,477.36"
53,2023-10-13,"1,478.99","1,481.30","1,462.67","1,466.84"
52,2023-10-16,"1,474.27","1,490.16","1,469.26","1,486.72"
51,2023-10-17,"1,477.89","1,504.41","1,477.61","1,495.55"
50,2023-10-18,"1,488.45","1,488.69","1,465.91","1,466.97"
49,2023-10-19,"1,470.17","1,475.12","1,448.61","1,451.69"
48,2023-10-20,"1,449.76","1,450.11","1,429.30","1,431.45"
47,2023-10-23,"1,425.08","1,439.74","1,417.04","1,425.39"
46,2023-10-24,"1,432.00","1,445.01","1,426.81","1,436.32"
45,2023-10-25,"1,426.83","1,426.83","1,402.76","1,403.20"
44,2023-10-26,"1,404.23","1,407.67","1,388.74","1,393.08"
43,2023-10-27,"1,396.22","1,400.69","1,380.07","1,383.22"
42,2023-10-30,"1,387.81","1,393.32","1,376.90","1,388.47"
41,2023-10-31,"1,389.69","1,402.12","1,384.97","1,399.76"
40,2023-11-01,"1,398.82","1,403.78","1,387.33","1,403.13"
39,2023-11-02,"1,412.34","1,437.32","1,412.34","1,436.03"
38,2023-11-03,"1,444.11","1,476.42","1,444.11","1,470.74"
37,2023-11-06,"1,472.80","1,474.24","1,452.99","1,460.14"
36,2023-11-07,"1,463.38","1,478.97","1,462.33","1,474.15"
35,2023-11-08,"1,475.53","1,479.22","1,467.48","1,472.71"
34,2023-11-09,"1,475.91","1,479.45","1,454.85","1,455.75"
33,2023-11-10,"1,457.13","1,474.68","1,451.37","1,474.18"
32,2023-11-13,"1,471.68","1,479.23","1,467.89","1,476.49"
31,2023-11-14,"1,493.76","1,525.30","1,493.76","1,522.15"
30,2023-11-15,"1,524.41","1,541.01","1,524.41","1,525.68"
29,2023-11-16,"1,523.65","1,525.99","1,513.25","1,518.70"
28,2023-11-17,"1,526.47","1,530.59","1,524.17","1,529.62"
27,2023-11-20,"1,529.11","1,546.20","1,528.73","1,543.08"
26,2023-11-21,"1,541.08","1,545.65","1,539.77","1,541.75"
25,2023-11-22,"1,547.43","1,556.39","1,547.05","1,550.04"
24,2023-11-24,"1,549.19","1,555.77","1,547.86","1,555.70"
23,2023-11-27,"1,551.12","1,558.39","1,548.86","1,553.43"
22,2023-11-28,"1,551.26","1,558.74","1,547.08","1,549.62"
21,2023-11-29,"1,556.76","1,573.04","1,556.76","1,561.28"
20,2023-11-30,"1,563.60","1,569.41","1,557.25","1,568.84"
19,2023-12-01,"1,567.63","1,599.73","1,566.85","1,599.38"
18,2023-12-04,"1,593.81","1,604.20","1,589.30","1,598.76"
17,2023-12-05,"1,593.33","1,593.33","1,578.46","1,585.67"
16,2023-12-06,"1,589.04","1,597.09","1,580.06","1,580.73"
15,2023-12-07,"1,582.79","1,586.58","1,578.09","1,585.97"
14,2023-12-08,"1,583.15","1,596.92","1,581.10","1,593.12"
13,2023-12-11,"1,595.48","1,610.00","1,595.48","1,609.16"
12,2023-12-12,"1,610.22","1,622.64","1,604.59","1,619.93"
11,2023-12-13,"1,620.29","1,651.03","1,616.69","1,649.22"
10,2023-12-14,"1,656.44","1,675.42","1,656.44","1,668.68"
9,2023-12-15,"1,666.67","1,670.23","1,656.73","1,662.58"
8,2023-12-18,"1,666.85","1,670.44","1,660.89","1,668.00"
7,2023-12-19,"1,674.47","1,683.11","1,674.32","1,680.90"
6,2023-12-20,"1,674.61","1,683.76","1,650.36","1,650.53"
5,2023-12-21,"1,664.94","1,675.32","1,660.84","1,674.79"
4,2023-12-22,"1,679.19","1,685.45","1,674.70","1,683.31"
3,2023-12-26,"1,685.74","1,698.49","1,684.42","1,694.76"
2,2023-12-27,"1,696.72","1,698.91","1,691.97","1,697.72"
1,2023-12-28,"1,698.61","1,701.63","1,696.65","1,697.56"
0,2023-12-29,"1,694.38","1,699.32","1,684.41","1,686.84"
251,2024-01-02,"1,673.67","1,676.53","1,654.70","1,660.94"
250,2024-01-03,"1,673.67","1,676.53","1,625.51","1,626.32"
249,2024-01-04,"1,623.38","1,639.51","1,622.63","1,629.03"
248,2024-01-05,"1,623.14","1,638.96","1,622.27","1,628.59"
247,2024-01-08,"1,634.23","1,659.99","1,633.17","1,659.99"
246,2024-01-09,"1,649.21","1,664.92","1,648.99","1,660.09"
245,2024-01-10,"1,662.63","1,669.42","1,653.93","1,667.24"
244,2024-01-11,"1,668.48","1,669.70","1,649.91","1,668.81"
243,2024-01-12,"1,675.94","1,679.88","1,661.59","1,665.76"
242,2024-01-16,"1,655.66","1,660.46","1,649.16","1,657.20"
241,2024-01-17,"1,643.26","1,648.07","1,637.64","1,647.38"
240,2024-01-18,"1,657.57","1,666.81","1,647.93","1,665.88"
239,2024-01-19,"1,672.04","1,680.22","1,662.24","1,679.33"
238,2024-01-22,"1,691.27","1,705.53","1,691.27","1,698.96"
237,2024-01-23,"1,705.26","1,705.31","1,689.41","1,696.37"
236,2024-01-24,"1,708.32","1,708.79","1,684.29","1,684.67"
235,2024-01-25,"1,696.75","1,698.62","1,684.80","1,692.96"
234,2024-01-26,"1,695.86","1,699.37","1,689.46","1,690.93"
233,2024-01-29,"1,690.54","1,713.55","1,690.46","1,713.53"
232,2024-01-30,"1,708.41","1,713.96","1,706.43","1,708.16"
231,2024-01-31,"1,704.08","1,705.54","1,676.07","1,677.25"
230,2024-02-01,"1,682.46","1,701.29","1,673.24","1,700.84"
229,2024-02-02,"1,696.63","1,721.64","1,691.36","1,715.91"
228,2024-02-05,"1,713.60","1,713.60","1,690.12","1,703.65"
227,2024-02-06,"1,706.06","1,721.27","1,706.06","1,721.16"
226,2024-02-07,"1,721.76","1,746.04","1,721.76","1,739.25"
225,2024-02-08,"1,740.76","1,758.91","1,740.76","1,756.81"
224,2024-02-09,"1,759.23","1,770.16","1,759.23","1,765.63"
223,2024-02-12,"1,762.96","1,772.27","1,760.14","1,762.38"
222,2024-02-13,"1,731.89","1,747.64","1,722.03","1,733.64"
221,2024-02-14,"1,747.32","1,764.70","1,745.97","1,764.31"
220,2024-02-15,"1,771.41","1,778.56","1,765.38","1,777.49"
219,2024-02-16,"1,774.02","1,784.88","1,767.87","1,769.11"
218,2024-02-20,"1,756.08","1,757.76","1,745.69","1,753.01"
217,2024-02-21,"1,736.61","1,743.72","1,731.44","1,743.13"
216,2024-02-22,"1,760.85","1,777.62","1,759.42","1,775.07"
215,2024-02-23,"1,778.51","1,786.52","1,775.09","1,781.78"
214,2024-02-26,"1,783.51","1,789.90","1,782.13","1,783.44"
213,2024-02-27,"1,786.43","1,791.24","1,784.06","1,789.16"
212,2024-02-28,"1,783.84","1,795.07","1,781.90","1,791.78"
211,2024-02-29,"1,799.26","1,804.38","1,791.50","1,801.79"
210,2024-03-01,"1,799.87","1,812.70","1,791.92","1,811.66"
209,2024-03-04,"1,813.20","1,819.69","1,809.37","1,814.38"
208,2024-03-05,"1,804.50","1,804.50","1,782.29","1,789.88"
207,2024-03-06,"1,799.62","1,818.39","1,799.62","1,809.28"
206,2024-03-07,"1,818.54","1,830.61","1,818.30","1,827.69"
205,2024-03-08,"1,829.54","1,840.42","1,811.36","1,813.05"
204,2024-03-11,"1,807.73","1,811.68","1,797.44","1,806.61"
203,2024-03-12,"1,810.18","1,820.76","1,802.63","1,819.53"
202,2024-03-13,"1,819.40","1,826.35","1,816.66","1,818.65"
201,2024-03-14,"1,822.61","1,822.61","1,791.69","1,802.55"
200,2024-03-15,"1,793.52","1,801.92","1,790.55","1,792.93"
199,2024-03-18,"1,800.84","1,805.57","1,796.83","1,797.57"
198,2024-03-19,"1,793.16","1,809.03","1,791.03","1,808.61"
197,2024-03-20,"1,810.35","1,829.13","1,807.66","1,828.00"
196,2024-03-21,"1,836.00","1,848.28","1,836.00","1,839.41"
195,2024-03-22,"1,838.62","1,838.74","1,822.80","1,828.18"
194,2024-03-25,"1,828.14","1,830.17","1,823.15","1,823.75"
193,2024-03-26,"1,827.56","1,834.70","1,826.65","1,826.78"
192,2024-03-27,"1,834.63","1,843.55","1,831.12","1,842.57"
191,2024-03-28,"1,845.01","1,850.43","1,842.66","1,843.81"
190,2024-04-01,"1,843.78","1,843.89","1,828.00","1,831.73"
189,2024-04-02,"1,821.22","1,821.22","1,801.28","1,809.43"
188,2024-04-03,"1,805.01","1,820.06","1,803.77","1,812.99"
187,2024-04-04,"1,820.97","1,831.57","1,788.56","1,789.85"
186,2024-04-05,"1,792.25","1,817.99","1,792.06","1,812.65"
185,2024-04-08,"1,816.27","1,821.82","1,812.98","1,817.68"
184,2024-04-09,"1,823.43","1,826.44","1,805.75","1,822.34"
183,2024-04-10,"1,801.89","1,808.02","1,793.72","1,799.68"
182,2024-04-11,"1,803.49","1,810.58","1,791.99","1,805.76"
181,2024-04-12,"1,794.45","1,795.22","1,769.04","1,774.33"
180,2024-04-15,"1,786.10","1,791.52","1,743.37","1,746.32"
179,2024-04-16,"1,744.44","1,752.02","1,735.52","1,744.63"
178,2024-04-17,"1,749.31","1,751.14","1,726.02","1,728.43"
177,2024-04-18,"1,731.08","1,740.83","1,717.84","1,720.29"
176,2024-04-19,"1,720.80","1,725.20","1,700.84","1,707.94"
175,2024-04-22,"1,714.45","1,732.80","1,707.26","1,722.72"
174,2024-04-23,"1,728.76","1,758.92","1,728.76","1,753.41"
173,2024-04-24,"1,754.62","1,766.06","1,742.80","1,753.75"
172,2024-04-25,"1,745.52","1,756.42","1,726.81","1,751.51"
171,2024-04-26,"1,751.52","1,767.42","1,751.52","1,760.70"
170,2024-04-29,"1,764.94","1,772.85","1,760.11","1,769.07"
169,2024-04-30,"1,762.50","1,764.27","1,736.04","1,736.20"
168,2024-05-01,"1,730.81","1,763.39","1,727.29","1,735.32"
167,2024-05-02,"1,744.65","1,751.05","1,723.39","1,746.61"
166,2024-05-03,"1,761.32","1,768.17","1,752.63","1,757.09"
165,2024-05-06,"1,764.99","1,781.69","1,764.99","1,781.67"
164,2024-05-07,"1,782.73","1,783.28","1,773.85","1,775.81"
163,2024-05-08,"1,770.24","1,770.24","1,760.38","1,764.04"
162,2024-05-09,"1,765.54","1,776.16","1,759.97","1,775.60"
161,2024-05-10,"1,781.72","1,789.68","1,778.47","1,781.58"
160,2024-05-13,"1,787.31","1,789.09","1,774.22","1,774.74"
159,2024-05-14,"1,779.26","1,788.30","1,777.30","1,786.49"
158,2024-05-15,"1,796.96","1,812.84","1,796.96","1,811.84"
157,2024-05-16,"1,811.76","1,814.63","1,806.36","1,806.40"
156,2024-05-17,"1,809.35","1,809.47","1,801.00","1,808.03"
155,2024-05-20,"1,808.69","1,813.22","1,806.92","1,812.66"
154,2024-05-21,"1,808.90","1,808.90","1,800.14","1,804.31"
153,2024-05-22,"1,804.11","1,808.56","1,794.00","1,798.66"
152,2024-05-23,"1,804.67","1,806.09","1,772.49","1,776.06"
151,2024-05-24,"1,782.56","1,798.07","1,782.56","1,793.17"
150,2024-05-28,"1,793.56","1,794.49","1,772.52","1,776.98"
149,2024-05-29,"1,766.65","1,766.65","1,758.47","1,759.29"
148,2024-05-30,"1,758.00","1,758.85","1,745.28","1,749.99"
147,2024-05-31,"1,754.81","1,757.20","1,727.66","1,753.24"
146,2024-06-03,"1,757.58","1,758.67","1,727.19","1,741.82"
145,2024-06-04,"1,738.78","1,744.06","1,732.50","1,738.25"
144,2024-06-05,"1,747.61","1,763.66","1,742.33","1,763.63"
143,2024-06-06,"1,760.97","1,766.16","1,755.93","1,758.26"
142,2024-06-07,"1,752.40","1,760.61","1,748.42","1,751.45"
141,2024-06-10,"1,745.01","1,768.29","1,745.01","1,765.37"
140,2024-06-11,"1,761.74","1,767.91","1,751.14","1,767.65"
139,2024-06-12,"1,785.45","1,796.38","1,783.36","1,788.42"
138,2024-06-13,"1,785.40","1,785.40","1,766.40","1,775.35"
137,2024-06-14,"1,767.90","1,767.90","1,753.66","1,764.91"
136,2024-06-17,"1,762.15","1,782.15","1,757.36","1,778.85"
135,2024-06-18,"1,778.21","1,786.61","1,778.21","1,784.96"
134,2024-06-20,"1,783.37","1,787.20","1,773.50","1,779.25"
133,2024-06-21,"1,781.79","1,785.88","1,771.10","1,785.55"
132,2024-06-24,"1,784.64","1,795.97","1,783.49","1,785.05"
131,2024-06-25,"1,786.28","1,786.28","1,776.69","1,783.06"
130,2024-06-26,"1,777.93","1,779.12","1,773.13","1,777.18"
129,2024-06-27,"1,776.66","1,785.36","1,774.42","1,784.35"
128,2024-06-28,"1,787.70","1,795.00","1,774.59","1,781.38"
127,2024-07-01,"1,785.68","1,787.06","1,767.07","1,772.32"
126,2024-07-02,"1,770.72","1,779.27","1,770.17","1,779.14"
125,2024-07-03,"1,780.25","1,789.20","1,779.62","1,787.09"
124,2024-07-05,"1,785.19","1,792.95","1,780.95","1,791.97"
123,2024-07-08,"1,795.30","1,797.85","1,790.51","1,794.05"
122,2024-07-09,"1,794.39","1,795.33","1,782.34","1,782.65"
121,2024-07-10,"1,786.29","1,791.55","1,772.33","1,791.46"
120,2024-07-11,"1,800.12","1,812.17","1,798.77","1,804.09"
119,2024-07-12,"1,809.48","1,834.54","1,808.07","1,825.39"
118,2024-07-15,"1,831.06","1,844.29","1,824.62","1,833.37"
117,2024-07-16,"1,838.62","1,863.08","1,838.62","1,861.77"
116,2024-07-17,"1,847.77","1,847.77","1,817.67","1,817.67"
115,2024-07-18,"1,821.31","1,833.38","1,788.23","1,795.76"
114,2024-07-19,"1,821.31","1,833.38","1,788.23","1,794.60"
113,2024-07-22,"1,802.88","1,816.46","1,790.77","1,816.11"
112,2024-07-23,"1,813.31","1,828.49","1,812.84","1,817.48"
111,2024-07-24,"1,808.22","1,808.53","1,764.32","1,764.98"
110,2024-07-25,"1,764.90","1,801.25","1,758.25","1,771.37"
109,2024-07-26,"1,781.67","1,789.35","1,771.56","1,779.42"
108,2024-07-29,"1,786.57","1,792.69","1,773.69","1,779.54"
107,2024-07-30,"1,784.79","1,793.86","1,763.08","1,774.50"
106,2024-07-31,"1,787.53","1,809.48","1,787.49","1,791.57"
105,2024-08-01,"1,790.90","1,804.13","1,741.79","1,754.96"
104,2024-08-02,"1,732.29","1,732.29","1,691.42","1,714.30"
103,2024-08-05,"1,669.23","1,696.61","1,638.66","1,674.76"
102,2024-08-06,"1,682.42","1,722.76","1,682.42","1,700.88"
101,2024-08-07,"1,712.33","1,729.64","1,680.31","1,681.07"
100,2024-08-08,"1,695.24","1,737.42","1,693.71","1,736.57"
99,2024-08-09,"1,737.10","1,745.40","1,726.73","1,742.04"
98,2024-08-12,"1,743.10","1,746.16","1,730.64","1,735.26"
97,2024-08-13,"1,742.67","1,768.73","1,742.67","1,766.58"
96,2024-08-14,"1,769.60","1,777.12","1,762.99","1,773.13"
95,2024-08-15,"1,787.81","1,809.55","1,787.81","1,806.15"
94,2024-08-16,"1,801.40","1,815.91","1,800.56","1,812.19"
93,2024-08-19,"1,812.63","1,828.05","1,810.37","1,828.03"
92,2024-08-20,"1,826.83","1,828.37","1,807.72","1,812.81"
91,2024-08-21,"1,816.03","1,838.13","1,816.03","1,838.10"
90,2024-08-22,"1,838.86","1,844.66","1,818.80","1,821.02"
89,2024-08-23,"1,827.20","1,849.32","1,827.20","1,846.92"
88,2024-08-26,"1,849.77","1,853.19","1,833.41","1,834.71"
87,2024-08-27,"1,828.20","1,837.01","1,820.38","1,835.70"
86,2024-08-28,"1,830.96","1,831.63","1,808.01","1,815.58"
85,2024-08-29,"1,822.33","1,842.54","1,822.33","1,824.48"
84,2024-08-30,"1,831.75","1,834.89","1,813.00","1,834.70"
83,2024-09-03,"1,829.51","1,829.51","1,782.89","1,789.16"
82,2024-09-04,"1,786.14","1,795.53","1,777.31","1,783.94"
81,2024-09-05,"1,781.53","1,782.06","1,762.96","1,774.99"
80,2024-09-06,"1,776.66","1,785.07","1,741.77","1,747.42"
79,2024-09-09,"1,756.63","1,781.64","1,756.63","1,772.44"
78,2024-09-10,"1,774.48","1,778.46","1,759.14","1,777.81"
77,2024-09-11,"1,775.94","1,800.26","1,750.37","1,799.06"
76,2024-09-12,"1,800.49","1,817.22","1,794.45","1,814.19"
75,2024-09-13,"1,817.80","1,839.91","1,817.80","1,834.53"
74,2024-09-16,"1,837.67","1,851.41","1,836.18","1,848.59"
73,2024-09-17,"1,853.11","1,865.80","1,848.03","1,855.01"
72,2024-09-18,"1,857.65","1,876.22","1,848.73","1,851.64"
71,2024-09-19,"1,870.62","1,888.31","1,870.62","1,883.38"
70,2024-09-20,"1,883.26","1,883.26","1,865.90","1,881.30"
69,2024-09-23,"1,882.45","1,893.95","1,882.45","1,892.43"
68,2024-09-24,"1,896.89","1,898.61","1,886.84","1,896.26"
67,2024-09-25,"1,899.33","1,899.99","1,886.11","1,888.70"
66,2024-09-26,"1,904.06","1,905.24","1,883.26","1,892.12"
65,2024-09-27,"1,898.96","1,902.85","1,889.71","1,893.86"
64,2024-09-30,"1,890.76","1,895.77","1,878.97","1,894.83"
63,2024-10-01,"1,896.25","1,896.25","1,867.83","1,879.23"
62,2024-10-02,"1,875.14","1,888.98","1,868.22","1,888.10"
61,2024-10-03,"1,880.27","1,891.96","1,878.19","1,886.62"
60,2024-10-04,"1,906.64","1,910.74","1,894.71","1,910.74"
59,2024-10-07,"1,907.71","1,907.71","1,888.45","1,894.38"
58,2024-10-08,"1,895.92","1,912.50","1,895.92","1,910.65"
57,2024-10-09,"1,911.55","1,930.37","1,911.17","1,929.30"
56,2024-10-10,"1,923.45","1,932.77","1,915.39","1,927.26"
55,2024-10-11,"1,927.90","1,958.60","1,927.90","1,956.21"
54,2024-10-14,"1,959.84","1,971.31","1,957.52","1,969.43"
53,2024-10-15,"1,968.14","1,971.88","1,952.91","1,954.46"
52,2024-10-16,"1,959.09","1,967.11","1,953.46","1,966.13"
51,2024-10-17,"1,971.06","1,976.44","1,960.76","1,961.44"
50,2024-10-18,"1,964.25","1,973.61","1,963.23","1,971.80"
49,2024-10-21,"1,969.22","1,972.77","1,952.60","1,962.15"
48,2024-10-22,"1,956.84","1,956.84","1,944.31","1,950.72"
47,2024-10-23,"1,944.69","1,951.23","1,923.69","1,934.33"
46,2024-10-24,"1,936.02","1,954.04","1,936.02","1,946.90"
45,2024-10-25,"1,951.88","1,967.53","1,945.12","1,949.86"
44,2024-10-28,"1,957.63","1,968.06","1,957.63","1,962.43"
43,2024-10-29,"1,961.06","1,973.56","1,954.95","1,970.41"
42,2024-10-30,"1,962.20","1,974.87","1,957.61","1,957.99"
41,2024-10-31,"1,955.80","1,955.80","1,927.16","1,927.20"
40,2024-11-01,"1,927.91","1,947.28","1,927.41","1,928.49"
39,2024-11-04,"1,926.47","1,936.15","1,921.72","1,928.42"
38,2024-11-05,"1,927.71","1,972.09","1,927.71","1,971.98"
37,2024-11-06,"1,996.09","2,042.15","1,996.09","2,041.86"
36,2024-11-07,"2,054.60","2,074.85","2,054.60","2,072.09"
35,2024-11-08,"2,070.82","2,106.27","2,070.82","2,105.09"
34,2024-11-11,"2,109.74","2,134.53","2,109.74","2,129.45"
33,2024-11-12,"2,125.16","2,128.88","2,107.01","2,119.00"
32,2024-11-13,"2,123.98","2,137.30","2,109.47","2,110.65"
31,2024-11-14,"2,109.23","2,109.23","2,083.67","2,084.89"
30,2024-11-15,"2,082.45","2,082.45","2,058.12","2,065.02"
29,2024-11-18,"2,065.86","2,079.42","2,055.49","2,071.31"
28,2024-11-19,"2,065.96","2,093.99","2,054.80","2,093.81"
27,2024-11-20,"2,094.71","2,104.36","2,078.33","2,104.00"
26,2024-11-21,"2,108.95","2,142.04","2,106.76","2,136.25"
25,2024-11-22,"2,135.93","2,170.82","2,135.93","2,169.41"
24,2024-11-25,"2,177.08","2,199.33","2,177.08","2,186.22"
23,2024-11-26,"2,185.39","2,189.54","2,180.11","2,187.60"
22,2024-11-27,"2,189.31","2,193.03","2,166.25","2,177.55"
21,2024-11-29,"2,179.48","2,193.51","2,179.48","2,182.78"
20,2024-12-02,"2,186.55","2,190.40","2,182.03","2,184.14"
19,2024-12-03,"2,182.79","2,200.63","2,181.80","2,198.73"
18,2024-12-04,"2,206.64","2,223.77","2,206.06","2,223.70"
17,2024-12-05,"2,223.19","2,231.36","2,210.49","2,211.28"
16,2024-12-06,"2,221.26","2,240.88","2,221.26","2,236.58"
15,2024-12-09,"2,238.62","2,239.31","2,184.52","2,188.88"
14,2024-12-10,"2,186.02","2,187.17","2,154.89","2,157.53"
13,2024-12-11,"2,171.51","2,183.37","2,167.33","2,178.90"
12,2024-12-12,"2,176.16","2,182.07","2,166.74","2,168.13"
11,2024-12-13,"2,170.46","2,173.99","2,149.45","2,156.78"
10,2024-12-16,"2,155.79","2,168.97","2,153.47","2,163.33"
9,2024-12-17,"2,155.03","2,155.03","2,135.67","2,147.68"
8,2024-12-18,"2,148.27","2,150.88","2,052.03","2,056.73"
7,2024-12-19,"2,074.86","2,090.78","2,055.06","2,059.18"
6,2024-12-20,"2,045.36","2,107.41","2,042.80","2,097.64"
5,2024-12-23,"2,095.51","2,095.51","2,069.07","2,092.80"
4,2024-12-24,"2,095.53","2,111.55","2,095.53","2,111.38"
3,2024-12-26,"2,104.68","2,115.46","2,098.45","2,112.07"
2,2024-12-27,"2,103.10","2,103.10","2,067.50","2,082.22"
1,2024-12-30,"2,063.33","2,071.71","2,039.20","2,059.52"
0,2024-12-31,"2,063.50","2,066.69","2,040.53","2,046.08"
249,2025-01-02,"2,058.46","2,074.32","2,041.50","2,057.05"
248,2025-01-03,"2,058.46","2,099.66","2,041.50","2,097.93"
247,2025-01-06,"2,111.00","2,120.87","2,100.79","2,104.06"
246,2025-01-07,"2,106.41","2,108.85","2,063.04","2,072.52"
245,2025-01-08,"2,066.24","2,081.81","2,053.10","2,079.13"
244,2025-01-10,"2,067.66","2,067.66","2,039.26","2,051.23"
243,2025-01-13,"2,040.07","2,052.57","2,020.94","2,052.12"
242,2025-01-14,"2,065.60","2,082.34","2,057.53","2,070.75"
241,2025-01-15,"2,095.38","2,118.57","2,095.38","2,102.94"
240,2025-01-16,"2,108.24","2,133.31","2,105.50","2,123.77"
239,2025-01-17,"2,137.13","2,147.12","2,133.42","2,137.46"
238,2025-01-21,"2,153.55","2,176.23","2,144.37","2,171.73"
237,2025-01-22,"2,178.81","2,190.35","2,178.81","2,183.63"
236,2025-01-23,"2,180.50","2,196.01","2,173.93","2,196.01"
235,2025-01-24,"2,197.35","2,205.80","2,187.04","2,191.57"
234,2025-01-27,"2,161.28","2,161.84","2,123.04","2,141.69"
233,2025-01-28,"2,146.24","2,185.50","2,136.44","2,178.20"
232,2025-01-29,"2,176.19","2,179.57","2,158.24","2,169.44"
231,2025-01-30,"2,179.32","2,205.49","2,179.32","2,196.99"
230,2025-01-31,"2,201.10","2,207.71","2,172.64","2,175.88"
229,2025-02-03,"2,142.31","2,177.97","2,127.04","2,166.74"
228,2025-02-04,"2,163.91","2,208.44","2,163.91","2,199.16"
227,2025-02-05,"2,206.70","2,214.48","2,193.68","2,214.30"
226,2025-02-06,"2,216.90","2,229.48","2,204.55","2,226.78"
225,2025-02-07,"2,234.05","2,248.66","2,219.94","2,221.22"
224,2025-02-10,"2,230.89","2,244.67","2,225.03","2,243.83"
223,2025-02-11,"2,234.04","2,234.04","2,207.63","2,217.48"
222,2025-02-12,"2,197.67","2,216.94","2,191.53","2,214.87"
221,2025-02-13,"2,239.73","2,246.40","2,210.13","2,235.29"
220,2025-02-14,"2,237.29","2,243.45","2,226.23","2,238.50"
219,2025-02-18,"2,245.06","2,254.74","2,237.54","2,254.72"
218,2025-02-19,"2,249.82","2,249.82","2,214.38","2,219.93"
217,2025-02-20,"2,202.32","2,202.32","2,152.22","2,179.79"
216,2025-02-21,"2,183.40","2,186.15","2,101.62","2,105.41"
215,2025-02-24,"2,099.35","2,108.99","2,061.16","2,081.22"
214,2025-02-25,"2,078.78","2,078.78","2,030.30","2,057.77"
213,2025-02-26,"2,061.26","2,096.24","2,061.26","2,069.59"
212,2025-02-27,"2,077.80","2,087.60","2,024.69","2,025.36"
211,2025-02-28,"2,014.92","2,051.52","2,006.19","2,050.96"
210,2025-03-03,"2,067.48","2,076.61","1,995.37","2,006.49"
209,2025-03-04,"1,986.77","2,026.79","1,942.52","1,989.78"
208,2025-03-05,"1,987.56","2,019.26","1,973.61","2,017.20"
207,2025-03-06,"1,994.57","1,998.90","1,938.85","1,944.07"
206,2025-03-07,"1,941.64","1,966.29","1,901.45","1,961.33"
205,2025-03-10,"1,942.26","1,942.26","1,867.18","1,884.25"
204,2025-03-11,"1,883.83","1,908.01","1,862.30","1,882.53"
203,2025-03-12,"1,910.13","1,926.93","1,879.36","1,902.90"
202,2025-03-13,"1,897.91","1,897.91","1,844.49","1,854.77"
201,2025-03-14,"1,866.96","1,915.44","1,866.96","1,914.31"
200,2025-03-17,"1,913.28","1,960.39","1,913.28","1,949.11"
199,2025-03-18,"1,941.72","1,941.72","1,906.53","1,913.72"
198,2025-03-19,"1,918.23","1,967.36","1,915.89","1,951.42"
197,2025-03-20,"1,941.78","1,966.42","1,935.76","1,942.77"
196,2025-03-21,"1,931.63","1,953.24","1,910.51","1,952.29"
195,2025-03-24,"1,972.38","2,012.92","1,972.38","2,010.69"
194,2025-03-25,"2,012.43","2,020.04","2,000.15","2,008.89"
193,2025-03-26,"2,006.42","2,008.93","1,964.60","1,972.66"
192,2025-03-27,"1,968.48","1,976.24","1,942.64","1,943.29"
191,2025-03-28,"1,943.29","1,943.29","1,892.85","1,901.48"
190,2025-03-31,"1,875.49","1,903.43","1,845.78","1,897.53"
189,2025-04-01,"1,897.53","1,920.21","1,876.34","1,915.24"
188,2025-04-02,"1,903.34","1,957.85","1,890.77","1,949.31"
187,2025-04-03,"1,949.31","1,949.31","1,821.38","1,829.65"
186,2025-04-04,"1,795.54","1,795.54","1,685.99","1,708.16"
185,2025-04-07,"1,663.52","1,779.37","1,613.61","1,712.83"
184,2025-04-08,"1,754.31","1,788.51","1,656.97","1,682.03"
183,2025-04-09,"1,671.16","1,874.16","1,662.36","1,865.56"
182,2025-04-10,"1,828.54","1,829.88","1,742.13","1,792.99"
181,2025-04-11,"1,787.99","1,818.85","1,763.62","1,817.26"
180,2025-04-14,"1,855.62","1,860.42","1,816.57","1,835.15"
179,2025-04-15,"1,837.98","1,859.86","1,837.98","1,847.69"
178,2025-04-16,"1,831.27","1,844.32","1,794.16","1,816.86"
177,2025-04-17,"1,824.20","1,840.76","1,814.10","1,829.90"
176,2025-04-21,"1,814.18","1,816.44","1,757.01","1,776.47"
175,2025-04-22,"1,798.34","1,839.16","1,796.23","1,829.34"
174,2025-04-23,"1,873.54","1,922.57","1,866.25","1,873.33"
173,2025-04-24,"1,873.33","1,930.65","1,873.33","1,927.52"
172,2025-04-25,"1,924.02","1,940.63","1,917.37","1,939.94"
171,2025-04-28,"1,944.04","1,955.61","1,922.19","1,948.05"
170,2025-04-29,"1,942.89","1,965.21","1,938.52","1,961.00"
169,2025-04-30,"1,920.56","1,962.67","1,904.96","1,960.47"
168,2025-05-01,"1,976.04","1,992.51","1,965.94","1,967.83"
167,2025-05-02,"1,995.64","2,026.83","1,995.64","2,022.00"
166,2025-05-05,"2,008.86","2,034.30","2,004.67","2,020.26"
165,2025-05-06,"1,986.48","1,999.70","1,972.60","1,986.86"
164,2025-05-07,"1,986.11","2,010.51","1,984.19","2,007.50"
163,2025-05-08,"2,029.80","2,066.08","2,029.80","2,044.81"
162,2025-05-09,"2,052.97","2,061.52","2,035.24","2,041.00"
161,2025-05-12,"2,093.41","2,117.85","2,091.03","2,117.59"
160,2025-05-13,"2,122.60","2,170.07","2,122.60","2,157.26"
159,2025-05-14,"2,163.21","2,175.38","2,157.39","2,168.28"
158,2025-05-15,"2,155.93","2,165.67","2,138.70","2,161.12"
157,2025-05-16,"2,161.12","2,183.10","2,161.12","2,183.07"
156,2025-05-19,"2,152.25","2,180.09","2,151.52","2,177.41"
155,2025-05-20,"2,172.87","2,174.34","2,155.12","2,163.11"
154,2025-05-21,"2,148.02","2,151.45","2,103.71","2,108.01"
153,2025-05-22,"2,108.26","2,125.63","2,102.20","2,110.98"
152,2025-05-23,"2,085.99","2,109.72","2,079.17","2,100.10"
151,2025-05-27,"2,100.10","2,140.71","2,100.10","2,139.22"
150,2025-05-28,"2,141.15","2,144.76","2,126.29","2,127.58"
149,2025-05-29,"2,127.58","2,145.28","2,116.36","2,127.10"
148,2025-05-30,"2,126.80","2,149.28","2,111.64","2,147.14"
147,2025-06-02,"2,143.37","2,154.57","2,115.28","2,154.55"
146,2025-06-03,"2,157.79","2,180.96","2,150.91","2,177.67"
145,2025-06-04,"2,178.27","2,185.91","2,166.21","2,178.04"
144,2025-06-05,"2,183.10","2,197.76","2,155.83","2,166.64"
143,2025-06-06,"2,177.74","2,194.44","2,177.74","2,192.54"
142,2025-06-09,"2,197.06","2,197.06","2,174.10","2,182.73"
141,2025-06-10,"2,186.03","2,195.62","2,169.01","2,181.95"
140,2025-06-11,"2,187.28","2,199.80","2,176.35","2,182.71"
139,2025-06-12,"2,179.14","2,184.87","2,172.20","2,179.72"
138,2025-06-13,"2,162.67","2,176.74","2,147.59","2,153.21"
137,2025-06-16,"2,163.41","2,191.79","2,163.41","2,184.93"
136,2025-06-17,"2,178.86","2,181.18","2,159.14","2,165.38"
135,2025-06-18,"2,166.17","2,185.24","2,163.60","2,175.17"
134,2025-06-20,"2,182.24","2,189.65","2,159.89","2,168.92"
133,2025-06-23,"2,166.55","2,187.49","2,148.06","2,186.43"
132,2025-06-24,"2,202.06","2,229.93","2,196.26","2,227.55"
131,2025-06-25,"2,235.18","2,239.17","2,208.70","2,210.79"
130,2025-06-26,"2,215.96","2,232.77","2,214.96","2,231.44"
129,2025-06-27,"2,231.44","2,245.95","2,220.35","2,224.82"
128,2025-06-30,"2,226.86","2,241.03","2,226.86","2,239.39"
127,2025-07-01,"2,239.39","2,241.90","2,211.52","2,223.69"
126,2025-07-02,"2,221.57","2,234.39","2,214.36","2,232.39"
125,2025-07-03,"2,235.22","2,263.48","2,235.22","2,262.60"
124,2025-07-07,"2,259.61","2,261.15","2,240.20","2,254.07"
123,2025-07-08,"2,255.85","2,258.84","2,231.85","2,240.98"
122,2025-07-09,"2,246.15","2,255.62","2,239.48","2,255.16"
121,2025-07-10,"2,256.55","2,258.05","2,235.24","2,243.30"
120,2025-07-11,"2,238.86","2,238.86","2,219.73","2,221.60"
119,2025-07-14,"2,220.07","2,244.93","2,217.65","2,242.92"
118,2025-07-15,"2,244.93","2,251.75","2,222.57","2,222.97"
117,2025-07-16,"2,226.16","2,236.74","2,201.75","2,235.26"
116,2025-07-17,"2,235.26","2,262.03","2,235.26","2,257.86"
115,2025-07-18,"2,257.86","2,272.83","2,257.86","2,270.69"
114,2025-07-21,"2,273.69","2,277.10","2,256.87","2,256.87"
113,2025-07-22,"2,257.47","2,265.56","2,237.20","2,260.75"
112,2025-07-23,"2,260.75","2,281.33","2,260.75","2,281.11"
111,2025-07-24,"2,284.72","2,286.15","2,271.41","2,273.94"
110,2025-07-25,"2,279.71","2,300.38","2,279.71","2,298.29"
109,2025-07-28,"2,298.29","2,306.12","2,293.34","2,298.29"
108,2025-07-29,"2,304.12","2,307.03","2,274.26","2,285.33"
107,2025-07-30,"2,290.03","2,313.21","2,288.73","2,298.40"
106,2025-07-31,"2,298.40","2,321.18","2,280.22","2,284.10"
105,2025-08-01,"2,284.10","2,284.10","2,211.56","2,246.26"
104,2025-08-04,"2,258.52","2,293.73","2,258.52","2,293.73"
103,2025-08-05,"2,298.05","2,302.05","2,261.04","2,270.95"
102,2025-08-06,"2,273.42","2,279.55","2,257.83","2,278.08"
101,2025-08-07,"2,291.34","2,300.00","2,246.12","2,265.95"
100,2025-08-08,"2,271.68","2,274.41","2,237.00","2,239.03"
99,2025-08-11,"2,237.29","2,250.06","2,228.55","2,230.61"
98,2025-08-12,"2,240.26","2,263.64","2,236.74","2,263.27"
97,2025-08-13,"2,270.72","2,279.45","2,250.91","2,278.82"
96,2025-08-14,"2,264.32","2,264.52","2,250.23","2,256.02"
95,2025-08-15,"2,259.17","2,261.00","2,249.22","2,255.98"
94,2025-08-18,"2,256.49","2,276.09","2,255.17","2,273.43"
93,2025-08-19,"2,269.64","2,275.15","2,250.36","2,255.89"
92,2025-08-20,"2,251.48","2,254.86","2,224.90","2,251.36"
91,2025-08-21,"2,251.36","2,252.19","2,238.29","2,246.75"
90,2025-08-22,"2,253.25","2,299.33","2,252.48","2,286.92"
89,2025-08-25,"2,285.42","2,288.93","2,270.90","2,270.90"
88,2025-08-26,"2,273.44","2,288.49","2,273.44","2,287.22"
87,2025-08-27,"2,287.22","2,304.74","2,287.22","2,298.94"
86,2025-08-28,"2,304.94","2,326.64","2,304.94","2,324.06"
85,2025-08-29,"2,324.51","2,326.43","2,295.81","2,305.68"
84,2025-09-02,"2,286.95","2,291.60","2,262.23","2,290.69"
83,2025-09-03,"2,289.56","2,294.94","2,275.36","2,286.42"
82,2025-09-04,"2,287.12","2,304.02","2,281.32","2,303.39"
81,2025-09-05,"2,312.40","2,323.26","2,277.06","2,302.65"
80,2025-09-08,"2,307.98","2,319.07","2,302.21","2,317.97"
79,2025-09-09,"2,316.71","2,320.88","2,302.80","2,319.04"
78,2025-09-10,"2,323.87","2,335.08","2,306.55","2,316.12"
77,2025-09-11,"2,322.19","2,347.16","2,322.19","2,343.56"
76,2025-09-12,"2,342.38","2,346.05","2,326.98","2,327.06"
75,2025-09-15,"2,327.06","2,344.89","2,327.06","2,331.57"
74,2025-09-16,"2,330.40","2,331.07","2,310.51","2,317.88"
73,2025-09-17,"2,321.28","2,333.52","2,297.81","2,317.28"
72,2025-09-18,"2,324.28","2,346.24","2,324.28","2,339.64"
71,2025-09-19,"2,343.84","2,344.32","2,319.71","2,334.52"
70,2025-09-22,"2,329.89","2,346.06","2,319.59","2,343.32"
69,2025-09-23,"2,340.54","2,344.59","2,326.86","2,328.87"
68,2025-09-24,"2,329.58","2,334.46","2,301.24","2,301.24"
67,2025-09-25,"2,288.65","2,288.65","2,262.15","2,280.04"
66,2025-09-26,"2,284.77","2,301.93","2,284.29","2,300.31"
65,2025-09-29,"2,300.31","2,315.47","2,300.31","2,311.79"
64,2025-09-30,"2,311.79","2,311.79","2,280.70","2,298.30"
63,2025-10-01,"2,293.87","2,296.39","2,286.92","2,292.36"
62,2025-10-02,"2,295.57","2,316.32","2,295.57","2,315.42"
61,2025-10-03,"2,318.94","2,323.42","2,301.30","2,304.83"
60,2025-10-06,"2,304.83","2,332.13","2,304.83","2,317.04"
59,2025-10-07,"2,320.91","2,322.04","2,279.16","2,301.02"
58,2025-10-08,"2,310.30","2,327.82","2,306.44","2,326.44"
57,2025-10-09,"2,328.61","2,329.04","2,313.30","2,320.41"
56,2025-10-10,"2,323.44","2,332.99","2,255.62","2,255.77"
55,2025-10-13,"2,268.95","2,299.72","2,268.95","2,293.59"
54,2025-10-14,"2,281.45","2,318.09","2,255.79","2,302.23"
53,2025-10-15,"2,312.98","2,335.54","2,293.04","2,307.46"
52,2025-10-16,"2,310.03","2,320.36","2,271.08","2,279.55"
51,2025-10-17,"2,273.74","2,284.74","2,256.43","2,277.29"
50,2025-10-20,"2,286.02","2,309.08","2,286.02","2,302.69"
49,2025-10-21,"2,302.69","2,319.22","2,293.64","2,315.27"
48,2025-10-22,"2,314.06","2,319.07","2,268.77","2,284.96"
47,2025-10-23,"2,287.94","2,316.52","2,287.94","2,313.30"
46,2025-10-24,"2,324.38","2,342.51","2,324.38","2,324.57"
45,2025-10-27,"2,338.42","2,350.34","2,338.42","2,346.47"
44,2025-10-28,"2,346.47","2,346.47","2,321.52","2,321.52"
43,2025-10-29,"2,321.52","2,322.29","2,295.82","2,303.20"
42,2025-10-30,"2,295.27","2,304.03","2,267.54","2,267.98"
41,2025-10-31,"2,268.84","2,296.87","2,268.84","2,291.14"
40,2025-11-03,"2,291.14","2,302.12","2,266.36","2,288.11"
39,2025-11-04,"2,272.30","2,272.30","2,241.69","2,242.16"
38,2025-11-05,"2,242.16","2,260.91","2,233.69","2,250.65"
37,2025-11-06,"2,252.11","2,255.63","2,214.89","2,223.71"
36,2025-11-07,"2,210.67","2,250.63","2,198.50","2,250.63"
35,2025-11-10,"2,260.48","2,279.63","2,252.68","2,272.73"
34,2025-11-11,"2,272.73","2,277.83","2,264.19","2,268.55"
33,2025-11-12,"2,272.74","2,287.31","2,263.31","2,264.55"
32,2025-11-13,"2,264.55","2,264.55","2,207.73","2,210.94"
31,2025-11-14,"2,197.26","2,231.10","2,177.34","2,206.89"
30,2025-11-17,"2,204.30","2,208.94","2,155.60","2,166.49"
29,2025-11-18,"2,162.59","2,180.42","2,146.54","2,165.68"
28,2025-11-19,"2,165.68","2,181.23","2,159.89","2,173.40"
27,2025-11-20,"2,186.90","2,208.37","2,123.81","2,125.45"
26,2025-11-21,"2,128.18","2,170.40","2,114.89","2,154.16"
25,2025-11-24,"2,156.77","2,181.18","2,154.35","2,174.68"
24,2025-11-25,"2,176.09","2,213.94","2,164.19","2,211.36"
23,2025-11-26,"2,214.16","2,234.58","2,214.16","2,222.39"
22,2025-11-28,"2,227.23","2,246.51","2,227.23","2,241.14"
21,2025-12-01,"2,229.63","2,241.57","2,212.80","2,222.07"
20,2025-12-02,"2,228.16","2,237.27","2,220.35","2,220.38"
19,2025-12-03,"2,220.88","2,232.75","2,212.20","2,230.64"
18,2025-12-04,"2,232.11","2,246.62","2,223.46","2,244.49"
17,2025-12-05,"2,245.15","2,256.83","2,242.98","2,246.17"
16,2025-12-08,"2,246.17","2,253.29","2,238.71","2,244.23"
15,2025-12-09,"2,240.82","2,251.08","2,234.77","2,235.23"
14,2025-12-10,"2,237.68","2,269.59","2,232.75","2,259.16"
13,2025-12-11,"2,254.63","2,284.17","2,251.32","2,282.81"
12,2025-12-12,"2,288.14","2,288.14","2,240.70","2,245.52"
11,2025-12-15,"2,250.11","2,257.25","2,229.58","2,230.88"
10,2025-12-16,"2,228.81","2,237.27","2,211.24","2,223.71"
9,2025-12-17,"2,224.85","2,239.95","2,199.37","2,199.85"
8,2025-12-18,"2,214.62","2,234.15","2,210.41","2,215.15"
7,2025-12-19,"2,220.27","2,249.34","2,220.27","2,241.19"
6,2025-12-22,"2,253.93","2,269.35","2,253.93","2,266.30"
5,2025-12-23,"2,259.51","2,264.47","2,243.68","2,253.58"
4,2025-12-24,"2,251.97","2,262.73","2,247.85","2,258.93"
3,2025-12-26,"2,257.75","2,259.67","2,250.83","2,255.10"
2,2025-12-29,"2,247.98","2,254.97","2,240.56","2,244.77"
1,2025-12-30,"2,242.78","2,245.91","2,235.10","2,235.39"
0,2025-12-31,"2,233.58","2,233.58","2,209.56","2,209.78"
